"Субъект","Пункт ФПСР","Наименование статистического показателя","Значение статистического показателя (за январь-июль 2025 года)"
"Subject","Point FPSR","Name of the statistical factor","Importance of the statistical factor"
"Центральный фед.округ","3_1","Количество ДТП с пострадавшими",17338
"Центральный фед.округ","3_1","Количество лиц, погибших в результате ДТП",1746
"Центральный фед.округ","3_1","Количество лиц, получивших ранения в результате совершения ДТП",21223
"Центральный фед.округ","3_1","Число погибших на 100 пострадавших","7.601549915"
"1. Белгородская область","3_1","Количество ДТП с пострадавшими",619
"1. Белгородская область","3_1","Количество лиц, погибших в результате ДТП",57
"1. Белгородская область","3_1","Количество лиц, получивших ранения в результате совершения ДТП",818
"1. Белгородская область","3_1","Число погибших на 100 пострадавших","6.514285714"
"2. Брянская область","3_1","Количество ДТП с пострадавшими",247
"2. Брянская область","3_1","Количество лиц, погибших в результате ДТП",57
"2. Брянская область","3_1","Количество лиц, получивших ранения в результате совершения ДТП",290
"2. Брянская область","3_1","Число погибших на 100 пострадавших","16.42651297"
"3. Владимирская область","3_1","Количество ДТП с пострадавшими",991
"3. Владимирская область","3_1","Количество лиц, погибших в результате ДТП",134
"3. Владимирская область","3_1","Количество лиц, получивших ранения в результате совершения ДТП",1360
"3. Владимирская область","3_1","Число погибших на 100 пострадавших","8.969210174"
"4. Воронежская область","3_1","Количество ДТП с пострадавшими",1526
"4. Воронежская область","3_1","Количество лиц, погибших в результате ДТП",169
"4. Воронежская область","3_1","Количество лиц, получивших ранения в результате совершения ДТП",2000
"4. Воронежская область","3_1","Число погибших на 100 пострадавших","7.791609036"
"5. Ивановская область","3_1","Количество ДТП с пострадавшими",496
"5. Ивановская область","3_1","Количество лиц, погибших в результате ДТП",44
"5. Ивановская область","3_1","Количество лиц, получивших ранения в результате совершения ДТП",652
"5. Ивановская область","3_1","Число погибших на 100 пострадавших","6.32183908"
"6. Калужская область","3_1","Количество ДТП с пострадавшими",635
"6. Калужская область","3_1","Количество лиц, погибших в результате ДТП",73
"6. Калужская область","3_1","Количество лиц, получивших ранения в результате совершения ДТП",827
"6. Калужская область","3_1","Число погибших на 100 пострадавших","8.111111111"
"7. Костромская область","3_1","Количество ДТП с пострадавшими",639
"7. Костромская область","3_1","Количество лиц, погибших в результате ДТП",37
"7. Костромская область","3_1","Количество лиц, получивших ранения в результате совершения ДТП",784
"7. Костромская область","3_1","Число погибших на 100 пострадавших","4.506699147"
"8. Курская область","3_1","Количество ДТП с пострадавшими",507
"8. Курская область","3_1","Количество лиц, погибших в результате ДТП",51
"8. Курская область","3_1","Количество лиц, получивших ранения в результате совершения ДТП",618
"8. Курская область","3_1","Число погибших на 100 пострадавших","7.623318386"
"9. Липецкая область","3_1","Количество ДТП с пострадавшими",589
"9. Липецкая область","3_1","Количество лиц, погибших в результате ДТП",72
"9. Липецкая область","3_1","Количество лиц, получивших ранения в результате совершения ДТП",736
"9. Липецкая область","3_1","Число погибших на 100 пострадавших","8.910891089"
"10. г. Москва","3_1","Количество ДТП с пострадавшими",4468
"10. г. Москва","3_1","Количество лиц, погибших в результате ДТП",119
"10. г. Москва","3_1","Количество лиц, получивших ранения в результате совершения ДТП",5026
"10. г. Москва","3_1","Число погибших на 100 пострадавших","2.31292517"
"11. Московская область","3_1","Количество ДТП с пострадавшими",1950
"11. Московская область","3_1","Количество лиц, погибших в результате ДТП",387
"11. Московская область","3_1","Количество лиц, получивших ранения в результате совершения ДТП",2145
"11. Московская область","3_1","Число погибших на 100 пострадавших","15.28436019"
"12. Орловская область","3_1","Количество ДТП с пострадавшими",417
"12. Орловская область","3_1","Количество лиц, погибших в результате ДТП",81
"12. Орловская область","3_1","Количество лиц, получивших ранения в результате совершения ДТП",545
"12. Орловская область","3_1","Число погибших на 100 пострадавших","12.93929712"
"13. Рязанская область","3_1","Количество ДТП с пострадавшими",820
"13. Рязанская область","3_1","Количество лиц, погибших в результате ДТП",102
"13. Рязанская область","3_1","Количество лиц, получивших ранения в результате совершения ДТП",1080
"13. Рязанская область","3_1","Число погибших на 100 пострадавших","8.629441624"
"14. Смоленская область","3_1","Количество ДТП с пострадавшими",410
"14. Смоленская область","3_1","Количество лиц, погибших в результате ДТП",54
"14. Смоленская область","3_1","Количество лиц, получивших ранения в результате совершения ДТП",483
"14. Смоленская область","3_1","Число погибших на 100 пострадавших","10.05586592"
"15. Тамбовская область","3_1","Количество ДТП с пострадавшими",630
"15. Тамбовская область","3_1","Количество лиц, погибших в результате ДТП",57
"15. Тамбовская область","3_1","Количество лиц, получивших ранения в результате совершения ДТП",809
"15. Тамбовская область","3_1","Число погибших на 100 пострадавших","6.581986143"
"16. Тверская область","3_1","Количество ДТП с пострадавшими",782
"16. Тверская область","3_1","Количество лиц, погибших в результате ДТП",93
"16. Тверская область","3_1","Количество лиц, получивших ранения в результате совершения ДТП",1012
"16. Тверская область","3_1","Число погибших на 100 пострадавших","8.416289593"
"17. Тульская область","3_1","Количество ДТП с пострадавшими",886
"17. Тульская область","3_1","Количество лиц, погибших в результате ДТП",85
"17. Тульская область","3_1","Количество лиц, получивших ранения в результате совершения ДТП",1125
"17. Тульская область","3_1","Число погибших на 100 пострадавших","7.024793388"
"18. Ярославская область","3_1","Количество ДТП с пострадавшими",726
"18. Ярославская область","3_1","Количество лиц, погибших в результате ДТП",74
"18. Ярославская область","3_1","Количество лиц, получивших ранения в результате совершения ДТП",913
"18. Ярославская область","3_1","Число погибших на 100 пострадавших","7.497467072"
"Северо-Западный фед.округ","3_1","Количество ДТП с пострадавшими",6132
"Северо-Западный фед.округ","3_1","Количество лиц, погибших в результате ДТП",527
"Северо-Западный фед.округ","3_1","Количество лиц, получивших ранения в результате совершения ДТП",7405
"Северо-Западный фед.округ","3_1","Число погибших на 100 пострадавших","6.643973777"
"19. Республика Карелия","3_1","Количество ДТП с пострадавшими",426
"19. Республика Карелия","3_1","Количество лиц, погибших в результате ДТП",32
"19. Республика Карелия","3_1","Количество лиц, получивших ранения в результате совершения ДТП",603
"19. Республика Карелия","3_1","Число погибших на 100 пострадавших","5.039370079"
"20. Республика Коми","3_1","Количество ДТП с пострадавшими",425
"20. Республика Коми","3_1","Количество лиц, погибших в результате ДТП",36
"20. Республика Коми","3_1","Количество лиц, получивших ранения в результате совершения ДТП",548
"20. Республика Коми","3_1","Число погибших на 100 пострадавших","6.164383562"
"21. Архангельская обл. (с АО )","3_1","Количество ДТП с пострадавшими",364
"21. Архангельская обл. (с АО )","3_1","Количество лиц, погибших в результате ДТП",34
"21. Архангельская обл. (с АО )","3_1","Количество лиц, получивших ранения в результате совершения ДТП",450
"21. Архангельская обл. (с АО )","3_1","Число погибших на 100 пострадавших","7.024793388"
"22.   Архангельская обл. (без а/о)","3_1","Количество ДТП с пострадавшими",352
"22.   Архангельская обл. (без а/о)","3_1","Количество лиц, погибших в результате ДТП",34
"22.   Архангельская обл. (без а/о)","3_1","Количество лиц, получивших ранения в результате совершения ДТП",432
"22.   Архангельская обл. (без а/о)","3_1","Число погибших на 100 пострадавших","7.296137339"
"23.   Ненецкий АО","3_1","Количество ДТП с пострадавшими",12
"23.   Ненецкий АО","3_1","Количество лиц, погибших в результате ДТП",0
"23.   Ненецкий АО","3_1","Количество лиц, получивших ранения в результате совершения ДТП",18
"23.   Ненецкий АО","3_1","Число погибших на 100 пострадавших",0
"24. Вологодская область","3_1","Количество ДТП с пострадавшими",687
"24. Вологодская область","3_1","Количество лиц, погибших в результате ДТП",72
"24. Вологодская область","3_1","Количество лиц, получивших ранения в результате совершения ДТП",867
"24. Вологодская область","3_1","Число погибших на 100 пострадавших","7.667731629"
"25. Калининградская область","3_1","Количество ДТП с пострадавшими",554
"25. Калининградская область","3_1","Количество лиц, погибших в результате ДТП",35
"25. Калининградская область","3_1","Количество лиц, получивших ранения в результате совершения ДТП",648
"25. Калининградская область","3_1","Число погибших на 100 пострадавших","5.124450952"
"26. ГУ МВД России по г.Санкт-Петерб. и Лен.обл.","3_1","Количество ДТП с пострадавшими",2710
"26. ГУ МВД России по г.Санкт-Петерб. и Лен.обл.","3_1","Количество лиц, погибших в результате ДТП",215
"26. ГУ МВД России по г.Санкт-Петерб. и Лен.обл.","3_1","Количество лиц, получивших ранения в результате совершения ДТП",3068
"26. ГУ МВД России по г.Санкт-Петерб. и Лен.обл.","3_1","Число погибших на 100 пострадавших","6.548888212"
"27.   Ленинградская область","3_1","Количество ДТП с пострадавшими",832
"27.   Ленинградская область","3_1","Количество лиц, погибших в результате ДТП",143
"27.   Ленинградская область","3_1","Количество лиц, получивших ранения в результате совершения ДТП",1003
"27.   Ленинградская область","3_1","Число погибших на 100 пострадавших","12.47818499"
"28.   г. Санкт-Петербург","3_1","Количество ДТП с пострадавшими",1878
"28.   г. Санкт-Петербург","3_1","Количество лиц, погибших в результате ДТП",72
"28.   г. Санкт-Петербург","3_1","Количество лиц, получивших ранения в результате совершения ДТП",2065
"28.   г. Санкт-Петербург","3_1","Число погибших на 100 пострадавших","3.369209172"
"29. Мурманская область","3_1","Количество ДТП с пострадавшими",298
"29. Мурманская область","3_1","Количество лиц, погибших в результате ДТП",17
"29. Мурманская область","3_1","Количество лиц, получивших ранения в результате совершения ДТП",418
"29. Мурманская область","3_1","Число погибших на 100 пострадавших","3.908045977"
"30. Новгородская  область","3_1","Количество ДТП с пострадавшими",316
"30. Новгородская  область","3_1","Количество лиц, погибших в результате ДТП",47
"30. Новгородская  область","3_1","Количество лиц, получивших ранения в результате совершения ДТП",354
"30. Новгородская  область","3_1","Число погибших на 100 пострадавших","11.72069825"
"31. Псковская область","3_1","Количество ДТП с пострадавшими",352
"31. Псковская область","3_1","Количество лиц, погибших в результате ДТП",39
"31. Псковская область","3_1","Количество лиц, получивших ранения в результате совершения ДТП",449
"31. Псковская область","3_1","Число погибших на 100 пострадавших","7.991803279"
"Северо-Кавказский фед.округ","3_1","Количество ДТП с пострадавшими",3319
"Северо-Кавказский фед.округ","3_1","Количество лиц, погибших в результате ДТП",523
"Северо-Кавказский фед.округ","3_1","Количество лиц, получивших ранения в результате совершения ДТП",4420
"Северо-Кавказский фед.округ","3_1","Число погибших на 100 пострадавших","10.58061906"
"32. Ставропольский край","3_1","Количество ДТП с пострадавшими",1341
"32. Ставропольский край","3_1","Количество лиц, погибших в результате ДТП",177
"32. Ставропольский край","3_1","Количество лиц, получивших ранения в результате совершения ДТП",1681
"32. Ставропольский край","3_1","Число погибших на 100 пострадавших","9.526372443"
"33. Республика Ингушетия","3_1","Количество ДТП с пострадавшими",133
"33. Республика Ингушетия","3_1","Количество лиц, погибших в результате ДТП",23
"33. Республика Ингушетия","3_1","Количество лиц, получивших ранения в результате совершения ДТП",192
"33. Республика Ингушетия","3_1","Число погибших на 100 пострадавших","10.69767442"
"34. Республика Дагестан","3_1","Количество ДТП с пострадавшими",778
"34. Республика Дагестан","3_1","Количество лиц, погибших в результате ДТП",169
"34. Республика Дагестан","3_1","Количество лиц, получивших ранения в результате совершения ДТП",1107
"34. Республика Дагестан","3_1","Число погибших на 100 пострадавших","13.24451411"
"35. Кабардино-Балкарская Респ.","3_1","Количество ДТП с пострадавшими",312
"35. Кабардино-Балкарская Респ.","3_1","Количество лиц, погибших в результате ДТП",50
"35. Кабардино-Балкарская Респ.","3_1","Количество лиц, получивших ранения в результате совершения ДТП",378
"35. Кабардино-Балкарская Респ.","3_1","Число погибших на 100 пострадавших","11.68224299"
"36. Респ. Сев.Осетия - Алания","3_1","Количество ДТП с пострадавшими",437
"36. Респ. Сев.Осетия - Алания","3_1","Количество лиц, погибших в результате ДТП",42
"36. Респ. Сев.Осетия - Алания","3_1","Количество лиц, получивших ранения в результате совершения ДТП",644
"36. Респ. Сев.Осетия - Алания","3_1","Число погибших на 100 пострадавших","6.12244898"
"37. Карачаево-Черкесская Респ.","3_1","Количество ДТП с пострадавшими",242
"37. Карачаево-Черкесская Респ.","3_1","Количество лиц, погибших в результате ДТП",38
"37. Карачаево-Черкесская Респ.","3_1","Количество лиц, получивших ранения в результате совершения ДТП",311
"37. Карачаево-Черкесская Респ.","3_1","Число погибших на 100 пострадавших","10.88825215"
"38. Чеченская Республика","3_1","Количество ДТП с пострадавшими",76
"38. Чеченская Республика","3_1","Количество лиц, погибших в результате ДТП",24
"38. Чеченская Республика","3_1","Количество лиц, получивших ранения в результате совершения ДТП",107
"38. Чеченская Республика","3_1","Число погибших на 100 пострадавших","18.32061069"
"39. Южный фед.округ","3_1","Количество ДТП с пострадавшими",7707
"39. Южный фед.округ","3_1","Количество лиц, погибших в результате ДТП",1010
"39. Южный фед.округ","3_1","Количество лиц, получивших ранения в результате совершения ДТП",9443
"39. Южный фед.округ","3_1","Число погибших на 100 пострадавших","9.662297905"
"40. Краснодарский край","3_1","Количество ДТП с пострадавшими",3131
"40. Краснодарский край","3_1","Количество лиц, погибших в результате ДТП",386
"40. Краснодарский край","3_1","Количество лиц, получивших ранения в результате совершения ДТП",3758
"40. Краснодарский край","3_1","Число погибших на 100 пострадавших","9.314671815"
"41. Астраханская область","3_1","Количество ДТП с пострадавшими",586
"41. Астраханская область","3_1","Количество лиц, погибших в результате ДТП",58
"41. Астраханская область","3_1","Количество лиц, получивших ранения в результате совершения ДТП",715
"41. Астраханская область","3_1","Число погибших на 100 пострадавших","7.503234153"
"42. Волгоградская область","3_1","Количество ДТП с пострадавшими",1244
"42. Волгоградская область","3_1","Количество лиц, погибших в результате ДТП",136
"42. Волгоградская область","3_1","Количество лиц, получивших ранения в результате совершения ДТП",1578
"42. Волгоградская область","3_1","Число погибших на 100 пострадавших","7.934655776"
"43. Ростовская область","3_1","Количество ДТП с пострадавшими",1428
"43. Ростовская область","3_1","Количество лиц, погибших в результате ДТП",237
"43. Ростовская область","3_1","Количество лиц, получивших ранения в результате совершения ДТП",1706
"43. Ростовская область","3_1","Число погибших на 100 пострадавших","12.19763253"
"44. Республика Адыгея","3_1","Количество ДТП с пострадавшими",213
"44. Республика Адыгея","3_1","Количество лиц, погибших в результате ДТП",25
"44. Республика Адыгея","3_1","Количество лиц, получивших ранения в результате совершения ДТП",244
"44. Республика Адыгея","3_1","Число погибших на 100 пострадавших","9.293680297"
"45. Республика Калмыкия","3_1","Количество ДТП с пострадавшими",304
"45. Республика Калмыкия","3_1","Количество лиц, погибших в результате ДТП",41
"45. Республика Калмыкия","3_1","Количество лиц, получивших ранения в результате совершения ДТП",418
"45. Республика Калмыкия","3_1","Число погибших на 100 пострадавших","8.932461874"
"88. Республика Крым","3_1","Количество ДТП с пострадавшими",599
"88. Республика Крым","3_1","Количество лиц, погибших в результате ДТП",110
"88. Республика Крым","3_1","Количество лиц, получивших ранения в результате совершения ДТП",760
"88. Республика Крым","3_1","Число погибших на 100 пострадавших","12.64367816"
"89. г. Севастополь","3_1","Количество ДТП с пострадавшими",202
"89. г. Севастополь","3_1","Количество лиц, погибших в результате ДТП",17
"89. г. Севастополь","3_1","Количество лиц, получивших ранения в результате совершения ДТП",264
"89. г. Севастополь","3_1","Число погибших на 100 пострадавших","6.049822064"
"Приволжский фед.округ","3_1","Количество ДТП с пострадавшими",14870
"Приволжский фед.округ","3_1","Количество лиц, погибших в результате ДТП",1491
"Приволжский фед.округ","3_1","Количество лиц, получивших ранения в результате совершения ДТП",18822
"Приволжский фед.округ","3_1","Число погибших на 100 пострадавших","7.340127012"
"46. Республика Башкортостан","3_1","Количество ДТП с пострадавшими",1524
"46. Республика Башкортостан","3_1","Количество лиц, погибших в результате ДТП",220
"46. Республика Башкортостан","3_1","Количество лиц, получивших ранения в результате совершения ДТП",1843
"46. Республика Башкортостан","3_1","Число погибших на 100 пострадавших","10.66408143"
"47. Республика Марий Эл","3_1","Количество ДТП с пострадавшими",417
"47. Республика Марий Эл","3_1","Количество лиц, погибших в результате ДТП",41
"47. Республика Марий Эл","3_1","Количество лиц, получивших ранения в результате совершения ДТП",557
"47. Республика Марий Эл","3_1","Число погибших на 100 пострадавших","6.856187291"
"48. Республика Мордовия","3_1","Количество ДТП с пострадавшими",298
"48. Республика Мордовия","3_1","Количество лиц, погибших в результате ДТП",54
"48. Республика Мордовия","3_1","Количество лиц, получивших ранения в результате совершения ДТП",380
"48. Республика Мордовия","3_1","Число погибших на 100 пострадавших","12.44239631"
"49. Республика Татарстан","3_1","Количество ДТП с пострадавшими",1755
"49. Республика Татарстан","3_1","Количество лиц, погибших в результате ДТП",163
"49. Республика Татарстан","3_1","Количество лиц, получивших ранения в результате совершения ДТП",2138
"49. Республика Татарстан","3_1","Число погибших на 100 пострадавших","7.083876575"
"50. Удмуртская Республика","3_1","Количество ДТП с пострадавшими",748
"50. Удмуртская Республика","3_1","Количество лиц, погибших в результате ДТП",66
"50. Удмуртская Республика","3_1","Количество лиц, получивших ранения в результате совершения ДТП",888
"50. Удмуртская Республика","3_1","Число погибших на 100 пострадавших","6.918238994"
"51. Чувашская Республика","3_1","Количество ДТП с пострадавшими",409
"51. Чувашская Республика","3_1","Количество лиц, погибших в результате ДТП",51
"51. Чувашская Республика","3_1","Количество лиц, получивших ранения в результате совершения ДТП",474
"51. Чувашская Республика","3_1","Число погибших на 100 пострадавших","9.714285714"
"52. Кировская область","3_1","Количество ДТП с пострадавшими",853
"52. Кировская область","3_1","Количество лиц, погибших в результате ДТП",67
"52. Кировская область","3_1","Количество лиц, получивших ранения в результате совершения ДТП",1082
"52. Кировская область","3_1","Число погибших на 100 пострадавших","5.831157528"
"53. Нижегородская область","3_1","Количество ДТП с пострадавшими",2494
"53. Нижегородская область","3_1","Количество лиц, погибших в результате ДТП",162
"53. Нижегородская область","3_1","Количество лиц, получивших ранения в результате совершения ДТП",3216
"53. Нижегородская область","3_1","Число погибших на 100 пострадавших","4.795737123"
"54. Оренбургская область","3_1","Количество ДТП с пострадавшими",685
"54. Оренбургская область","3_1","Количество лиц, погибших в результате ДТП",106
"54. Оренбургская область","3_1","Количество лиц, получивших ранения в результате совершения ДТП",850
"54. Оренбургская область","3_1","Число погибших на 100 пострадавших","11.08786611"
"55. Пензенская область","3_1","Количество ДТП с пострадавшими",921
"55. Пензенская область","3_1","Количество лиц, погибших в результате ДТП",89
"55. Пензенская область","3_1","Количество лиц, получивших ранения в результате совершения ДТП",1225
"55. Пензенская область","3_1","Число погибших на 100 пострадавших","6.773211568"
"56. Пермский край","3_1","Количество ДТП с пострадавшими",1162
"56. Пермский край","3_1","Количество лиц, погибших в результате ДТП",118
"56. Пермский край","3_1","Количество лиц, получивших ранения в результате совершения ДТП",1524
"56. Пермский край","3_1","Число погибших на 100 пострадавших","7.1863581"
"57. Самарская область","3_1","Количество ДТП с пострадавшими",1829
"57. Самарская область","3_1","Количество лиц, погибших в результате ДТП",150
"57. Самарская область","3_1","Количество лиц, получивших ранения в результате совершения ДТП",2350
"57. Самарская область","3_1","Число погибших на 100 пострадавших",6
"58. Саратовская область","3_1","Количество ДТП с пострадавшими",1300
"58. Саратовская область","3_1","Количество лиц, погибших в результате ДТП",144
"58. Саратовская область","3_1","Количество лиц, получивших ранения в результате совершения ДТП",1664
"58. Саратовская область","3_1","Число погибших на 100 пострадавших","7.96460177"
"59. Ульяновская область","3_1","Количество ДТП с пострадавшими",475
"59. Ульяновская область","3_1","Количество лиц, погибших в результате ДТП",60
"59. Ульяновская область","3_1","Количество лиц, получивших ранения в результате совершения ДТП",631
"59. Ульяновская область","3_1","Число погибших на 100 пострадавших","8.683068017"
"Уральский фед.округ","3_1","Количество ДТП с пострадавшими",5997
"Уральский фед.округ","3_1","Количество лиц, погибших в результате ДТП",574
"Уральский фед.округ","3_1","Количество лиц, получивших ранения в результате совершения ДТП",7421
"Уральский фед.округ","3_1","Число погибших на 100 пострадавших","7.179487179"
"60. Курганская область","3_1","Количество ДТП с пострадавшими",389
"60. Курганская область","3_1","Количество лиц, погибших в результате ДТП",66
"60. Курганская область","3_1","Количество лиц, получивших ранения в результате совершения ДТП",459
"60. Курганская область","3_1","Число погибших на 100 пострадавших","12.57142857"
"61. Свердловская область","3_1","Количество ДТП с пострадавшими",1343
"61. Свердловская область","3_1","Количество лиц, погибших в результате ДТП",166
"61. Свердловская область","3_1","Количество лиц, получивших ранения в результате совершения ДТП",1626
"61. Свердловская область","3_1","Число погибших на 100 пострадавших","9.263392857"
"62. Тюменская область (с а/о)","3_1","Количество ДТП с пострадавшими",2225
"62. Тюменская область (с а/о)","3_1","Количество лиц, погибших в результате ДТП",159
"62. Тюменская область (с а/о)","3_1","Количество лиц, получивших ранения в результате совершения ДТП",2925
"62. Тюменская область (с а/о)","3_1","Число погибших на 100 пострадавших","5.155642023"
"63.   Тюменская обл. (без а/о)","3_1","Количество ДТП с пострадавшими",1507
"63.   Тюменская обл. (без а/о)","3_1","Количество лиц, погибших в результате ДТП",95
"63.   Тюменская обл. (без а/о)","3_1","Количество лиц, получивших ранения в результате совершения ДТП",1971
"63.   Тюменская обл. (без а/о)","3_1","Число погибших на 100 пострадавших","4.598257502"
"64.   Ханты-Мансийский АО - Югра","3_1","Количество ДТП с пострадавшими",586
"64.   Ханты-Мансийский АО - Югра","3_1","Количество лиц, погибших в результате ДТП",52
"64.   Ханты-Мансийский АО - Югра","3_1","Количество лиц, получивших ранения в результате совершения ДТП",792
"64.   Ханты-Мансийский АО - Югра","3_1","Число погибших на 100 пострадавших","6.161137441"
"65.   Ямало-Ненецкий АО","3_1","Количество ДТП с пострадавшими",132
"65.   Ямало-Ненецкий АО","3_1","Количество лиц, погибших в результате ДТП",12
"65.   Ямало-Ненецкий АО","3_1","Количество лиц, получивших ранения в результате совершения ДТП",162
"65.   Ямало-Ненецкий АО","3_1","Число погибших на 100 пострадавших","6.896551724"
"66. Челябинская область","3_1","Количество ДТП с пострадавшими",2040
"66. Челябинская область","3_1","Количество лиц, погибших в результате ДТП",183
"66. Челябинская область","3_1","Количество лиц, получивших ранения в результате совершения ДТП",2411
"66. Челябинская область","3_1","Число погибших на 100 пострадавших","7.054741712"
"Сибирский фед.округ","3_1","Количество ДТП с пострадавшими",9336
"Сибирский фед.округ","3_1","Количество лиц, погибших в результате ДТП",878
"Сибирский фед.округ","3_1","Количество лиц, получивших ранения в результате совершения ДТП",11690
"Сибирский фед.округ","3_1","Число погибших на 100 пострадавших","6.985996181"
"67. Республика Алтай","3_1","Количество ДТП с пострадавшими",193
"67. Республика Алтай","3_1","Количество лиц, погибших в результате ДТП",25
"67. Республика Алтай","3_1","Количество лиц, получивших ранения в результате совершения ДТП",249
"67. Республика Алтай","3_1","Число погибших на 100 пострадавших","9.124087591"
"69. Республика Тыва","3_1","Количество ДТП с пострадавшими",375
"69. Республика Тыва","3_1","Количество лиц, погибших в результате ДТП",61
"69. Республика Тыва","3_1","Количество лиц, получивших ранения в результате совершения ДТП",520
"69. Республика Тыва","3_1","Число погибших на 100 пострадавших","10.49913941"
"70. Республика Хакасия","3_1","Количество ДТП с пострадавшими",256
"70. Республика Хакасия","3_1","Количество лиц, погибших в результате ДТП",34
"70. Республика Хакасия","3_1","Количество лиц, получивших ранения в результате совершения ДТП",319
"70. Республика Хакасия","3_1","Число погибших на 100 пострадавших","9.631728045"
"71. Алтайский край","3_1","Количество ДТП с пострадавшими",1223
"71. Алтайский край","3_1","Количество лиц, погибших в результате ДТП",120
"71. Алтайский край","3_1","Количество лиц, получивших ранения в результате совершения ДТП",1640
"71. Алтайский край","3_1","Число погибших на 100 пострадавших","6.818181818"
"72. Красноярский край","3_1","Количество ДТП с пострадавшими",1605
"72. Красноярский край","3_1","Количество лиц, погибших в результате ДТП",146
"72. Красноярский край","3_1","Количество лиц, получивших ранения в результате совершения ДТП",1975
"72. Красноярский край","3_1","Число погибших на 100 пострадавших","6.883545497"
"73. Иркутская область","3_1","Количество ДТП с пострадавшими",1160
"73. Иркутская область","3_1","Количество лиц, погибших в результате ДТП",161
"73. Иркутская область","3_1","Количество лиц, получивших ранения в результате совершения ДТП",1395
"73. Иркутская область","3_1","Число погибших на 100 пострадавших","10.3470437"
"74. Кемеровская область - Кузбасс","3_1","Количество ДТП с пострадавшими",1253
"74. Кемеровская область - Кузбасс","3_1","Количество лиц, погибших в результате ДТП",101
"74. Кемеровская область - Кузбасс","3_1","Количество лиц, получивших ранения в результате совершения ДТП",1542
"74. Кемеровская область - Кузбасс","3_1","Число погибших на 100 пострадавших","6.14729154"
"75. Новосибирская область","3_1","Количество ДТП с пострадавшими",1688
"75. Новосибирская область","3_1","Количество лиц, погибших в результате ДТП",148
"75. Новосибирская область","3_1","Количество лиц, получивших ранения в результате совершения ДТП",1998
"75. Новосибирская область","3_1","Число погибших на 100 пострадавших","6.896551724"
"76. Омская область","3_1","Количество ДТП с пострадавшими",1377
"76. Омская область","3_1","Количество лиц, погибших в результате ДТП",58
"76. Омская область","3_1","Количество лиц, получивших ранения в результате совершения ДТП",1812
"76. Омская область","3_1","Число погибших на 100 пострадавших","3.101604278"
"77. Томская область","3_1","Количество ДТП с пострадавшими",206
"77. Томская область","3_1","Количество лиц, погибших в результате ДТП",24
"77. Томская область","3_1","Количество лиц, получивших ранения в результате совершения ДТП",240
"77. Томская область","3_1","Число погибших на 100 пострадавших","9.090909091"
"Дальневосточный фед.округ","3_1","Количество ДТП с пострадавшими",4552
"Дальневосточный фед.округ","3_1","Количество лиц, погибших в результате ДТП",488
"Дальневосточный фед.округ","3_1","Количество лиц, получивших ранения в результате совершения ДТП",5799
"Дальневосточный фед.округ","3_1","Число погибших на 100 пострадавших","7.762048672"
"68. Республика Бурятия","3_1","Количество ДТП с пострадавшими",535
"68. Республика Бурятия","3_1","Количество лиц, погибших в результате ДТП",78
"68. Республика Бурятия","3_1","Количество лиц, получивших ранения в результате совершения ДТП",673
"68. Республика Бурятия","3_1","Число погибших на 100 пострадавших","10.3861518"
"79. Республика Саха (Якутия)","3_1","Количество ДТП с пострадавшими",416
"79. Республика Саха (Якутия)","3_1","Количество лиц, погибших в результате ДТП",36
"79. Республика Саха (Якутия)","3_1","Количество лиц, получивших ранения в результате совершения ДТП",560
"79. Республика Саха (Якутия)","3_1","Число погибших на 100 пострадавших","6.040268456"
"78. Забайкальский край","3_1","Количество ДТП с пострадавшими",579
"78. Забайкальский край","3_1","Количество лиц, погибших в результате ДТП",112
"78. Забайкальский край","3_1","Количество лиц, получивших ранения в результате совершения ДТП",676
"78. Забайкальский край","3_1","Число погибших на 100 пострадавших","14.21319797"
"80. Приморский край","3_1","Количество ДТП с пострадавшими",1276
"80. Приморский край","3_1","Количество лиц, погибших в результате ДТП",107
"80. Приморский край","3_1","Количество лиц, получивших ранения в результате совершения ДТП",1673
"80. Приморский край","3_1","Число погибших на 100 пострадавших","6.011235955"
"81. Хабаровский край","3_1","Количество ДТП с пострадавшими",630
"81. Хабаровский край","3_1","Количество лиц, погибших в результате ДТП",52
"81. Хабаровский край","3_1","Количество лиц, получивших ранения в результате совершения ДТП",790
"81. Хабаровский край","3_1","Число погибших на 100 пострадавших","6.175771971"
"82. Камчатский край","3_1","Количество ДТП с пострадавшими",177
"82. Камчатский край","3_1","Количество лиц, погибших в результате ДТП",12
"82. Камчатский край","3_1","Количество лиц, получивших ранения в результате совершения ДТП",232
"82. Камчатский край","3_1","Число погибших на 100 пострадавших","4.918032787"
"83. Амурская область","3_1","Количество ДТП с пострадавшими",539
"83. Амурская область","3_1","Количество лиц, погибших в результате ДТП",54
"83. Амурская область","3_1","Количество лиц, получивших ранения в результате совершения ДТП",673
"83. Амурская область","3_1","Число погибших на 100 пострадавших","7.42778542"
"84. Магаданская область","3_1","Количество ДТП с пострадавшими",81
"84. Магаданская область","3_1","Количество лиц, погибших в результате ДТП",6
"84. Магаданская область","3_1","Количество лиц, получивших ранения в результате совершения ДТП",108
"84. Магаданская область","3_1","Число погибших на 100 пострадавших","5.263157895"
"85. Сахалинская область","3_1","Количество ДТП с пострадавшими",203
"85. Сахалинская область","3_1","Количество лиц, погибших в результате ДТП",15
"85. Сахалинская область","3_1","Количество лиц, получивших ранения в результате совершения ДТП",263
"85. Сахалинская область","3_1","Число погибших на 100 пострадавших","5.395683453"
"86. Еврейская АО","3_1","Количество ДТП с пострадавшими",105
"86. Еврейская АО","3_1","Количество лиц, погибших в результате ДТП",14
"86. Еврейская АО","3_1","Количество лиц, получивших ранения в результате совершения ДТП",139
"86. Еврейская АО","3_1","Число погибших на 100 пострадавших","9.150326797"
"87. Чукотский АО","3_1","Количество ДТП с пострадавшими",11
"87. Чукотский АО","3_1","Количество лиц, погибших в результате ДТП",2
"87. Чукотский АО","3_1","Количество лиц, получивших ранения в результате совершения ДТП",12
"87. Чукотский АО","3_1","Число погибших на 100 пострадавших","14.28571429"
"90. ФТ ""Сириус""","3_1","Количество ДТП с пострадавшими",46
"90. ФТ ""Сириус""","3_1","Количество лиц, погибших в результате ДТП",2
"90. ФТ ""Сириус""","3_1","Количество лиц, получивших ранения в результате совершения ДТП",49
"90. ФТ ""Сириус""","3_1","Число погибших на 100 пострадавших","3.921568627"
"Всего по России ","3_1","Количество ДТП с пострадавшими",69297
"Всего по России ","3_1","Количество лиц, погибших в результате ДТП",7239
"Всего по России ","3_1","Количество лиц, получивших ранения в результате совершения ДТП",86272
"Всего по России ","3_1","Число погибших на 100 пострадавших","7.741335244"
