"Субъект","Пункт ФПСР","Наименование статистического показателя","Значение статистического показателя (за январь - сентябрь 2024 г.)"
"Subject","Point FPSR","Name of the statistical factor","Importance of the statistical factor"
"Центральный фед.округ","3_1","Количество ДТП с пострадавшими",24179
"Центральный фед.округ","3_1","Количество лиц, погибших в результате ДТП",2494
"Центральный фед.округ","3_1","Количество лиц, получивших ранения в результате совершения ДТП",29567
"Центральный фед.округ","3_1","Число погибших на 100 пострадавших","7,778921431"
"Белгородская область","3_1","Количество ДТП с пострадавшими",846
"Белгородская область","3_1","Количество лиц, погибших в результате ДТП",132
"Белгородская область","3_1","Количество лиц, получивших ранения в результате совершения ДТП",1164
"Белгородская область","3_1","Число погибших на 100 пострадавших","10,18518519"
"Брянская область","3_1","Количество ДТП с пострадавшими",348
"Брянская область","3_1","Количество лиц, погибших в результате ДТП",78
"Брянская область","3_1","Количество лиц, получивших ранения в результате совершения ДТП",402
"Брянская область","3_1","Число погибших на 100 пострадавших","16,25"
"Владимирская область","3_1","Количество ДТП с пострадавшими",1352
"Владимирская область","3_1","Количество лиц, погибших в результате ДТП",131
"Владимирская область","3_1","Количество лиц, получивших ранения в результате совершения ДТП",1774
"Владимирская область","3_1","Число погибших на 100 пострадавших","6,87664042"
"Воронежская область","3_1","Количество ДТП с пострадавшими",1874
"Воронежская область","3_1","Количество лиц, погибших в результате ДТП",279
"Воронежская область","3_1","Количество лиц, получивших ранения в результате совершения ДТП",2398
"Воронежская область","3_1","Число погибших на 100 пострадавших","10,42211431"
"Ивановская область","3_1","Количество ДТП с пострадавшими",790
"Ивановская область","3_1","Количество лиц, погибших в результате ДТП",54
"Ивановская область","3_1","Количество лиц, получивших ранения в результате совершения ДТП",999
"Ивановская область","3_1","Число погибших на 100 пострадавших","5,128205128"
"Калужская область","3_1","Количество ДТП с пострадавшими",845
"Калужская область","3_1","Количество лиц, погибших в результате ДТП",95
"Калужская область","3_1","Количество лиц, получивших ранения в результате совершения ДТП",1053
"Калужская область","3_1","Число погибших на 100 пострадавших","8,275261324"
"Костромская область","3_1","Количество ДТП с пострадавшими",772
"Костромская область","3_1","Количество лиц, погибших в результате ДТП",52
"Костромская область","3_1","Количество лиц, получивших ранения в результате совершения ДТП",942
"Костромская область","3_1","Число погибших на 100 пострадавших","5,23138833"
"Курская область","3_1","Количество ДТП с пострадавшими",897
"Курская область","3_1","Количество лиц, погибших в результате ДТП",113
"Курская область","3_1","Количество лиц, получивших ранения в результате совершения ДТП",1186
"Курская область","3_1","Число погибших на 100 пострадавших","8,69899923"
"Липецкая область","3_1","Количество ДТП с пострадавшими",831
"Липецкая область","3_1","Количество лиц, погибших в результате ДТП",122
"Липецкая область","3_1","Количество лиц, получивших ранения в результате совершения ДТП",1096
"Липецкая область","3_1","Число погибших на 100 пострадавших","10,01642036"
"г. Москва","3_1","Количество ДТП с пострадавшими",6559
"г. Москва","3_1","Количество лиц, погибших в результате ДТП",245
"г. Москва","3_1","Количество лиц, получивших ранения в результате совершения ДТП",7246
"г. Москва","3_1","Число погибших на 100 пострадавших","3,270591376"
"Московская область","3_1","Количество ДТП с пострадавшими",2812
"Московская область","3_1","Количество лиц, погибших в результате ДТП",463
"Московская область","3_1","Количество лиц, получивших ранения в результате совершения ДТП",3189
"Московская область","3_1","Число погибших на 100 пострадавших","12,67798467"
"Орловская область","3_1","Количество ДТП с пострадавшими",473
"Орловская область","3_1","Количество лиц, погибших в результате ДТП",45
"Орловская область","3_1","Количество лиц, получивших ранения в результате совершения ДТП",612
"Орловская область","3_1","Число погибших на 100 пострадавших","6,849315068"
"Рязанская область","3_1","Количество ДТП с пострадавшими",1051
"Рязанская область","3_1","Количество лиц, погибших в результате ДТП",142
"Рязанская область","3_1","Количество лиц, получивших ранения в результате совершения ДТП",1452
"Рязанская область","3_1","Число погибших на 100 пострадавших","8,908406524"
"Смоленская область","3_1","Количество ДТП с пострадавшими",601
"Смоленская область","3_1","Количество лиц, погибших в результате ДТП",85
"Смоленская область","3_1","Количество лиц, получивших ранения в результате совершения ДТП",753
"Смоленская область","3_1","Число погибших на 100 пострадавших","10,14319809"
"Тамбовская область","3_1","Количество ДТП с пострадавшими",775
"Тамбовская область","3_1","Количество лиц, погибших в результате ДТП",98
"Тамбовская область","3_1","Количество лиц, получивших ранения в результате совершения ДТП",1055
"Тамбовская область","3_1","Число погибших на 100 пострадавших","8,499566349"
"Тверская область","3_1","Количество ДТП с пострадавшими",1089
"Тверская область","3_1","Количество лиц, погибших в результате ДТП",115
"Тверская область","3_1","Количество лиц, получивших ранения в результате совершения ДТП",1361
"Тверская область","3_1","Число погибших на 100 пострадавших","7,791327913"
"Тульская область","3_1","Количество ДТП с пострадавшими",1264
"Тульская область","3_1","Количество лиц, погибших в результате ДТП",122
"Тульская область","3_1","Количество лиц, получивших ранения в результате совершения ДТП",1605
"Тульская область","3_1","Число погибших на 100 пострадавших","7,064273306"
"Ярославская область","3_1","Количество ДТП с пострадавшими",1000
"Ярославская область","3_1","Количество лиц, погибших в результате ДТП",123
"Ярославская область","3_1","Количество лиц, получивших ранения в результате совершения ДТП",1280
"Ярославская область","3_1","Число погибших на 100 пострадавших","8,766928011"
"Северо-Западный фед.округ","3_1","Количество ДТП с пострадавшими",9260
"Северо-Западный фед.округ","3_1","Количество лиц, погибших в результате ДТП",798
"Северо-Западный фед.округ","3_1","Количество лиц, получивших ранения в результате совершения ДТП",11023
"Северо-Западный фед.округ","3_1","Число погибших на 100 пострадавших","6,75069791"
"Республика Карелия","3_1","Количество ДТП с пострадавшими",489
"Республика Карелия","3_1","Количество лиц, погибших в результате ДТП",58
"Республика Карелия","3_1","Количество лиц, получивших ранения в результате совершения ДТП",620
"Республика Карелия","3_1","Число погибших на 100 пострадавших","8,554572271"
"Республика Коми","3_1","Количество ДТП с пострадавшими",628
"Республика Коми","3_1","Количество лиц, погибших в результате ДТП",40
"Республика Коми","3_1","Количество лиц, получивших ранения в результате совершения ДТП",802
"Республика Коми","3_1","Число погибших на 100 пострадавших","4,750593824"
"Архангельская обл. (с АО )","3_1","Количество ДТП с пострадавшими",526
"Архангельская обл. (с АО )","3_1","Количество лиц, погибших в результате ДТП",61
"Архангельская обл. (с АО )","3_1","Количество лиц, получивших ранения в результате совершения ДТП",628
"Архангельская обл. (с АО )","3_1","Число погибших на 100 пострадавших","8,85341074"
"  Архангельская обл. (без а/о)","3_1","Количество ДТП с пострадавшими",508
"  Архангельская обл. (без а/о)","3_1","Количество лиц, погибших в результате ДТП",60
"  Архангельская обл. (без а/о)","3_1","Количество лиц, получивших ранения в результате совершения ДТП",608
"  Архангельская обл. (без а/о)","3_1","Число погибших на 100 пострадавших","8,982035928"
"  Ненецкий АО","3_1","Количество ДТП с пострадавшими",18
"  Ненецкий АО","3_1","Количество лиц, погибших в результате ДТП",1
"  Ненецкий АО","3_1","Количество лиц, получивших ранения в результате совершения ДТП",20
"  Ненецкий АО","3_1","Число погибших на 100 пострадавших","4,761904762"
"Вологодская область","3_1","Количество ДТП с пострадавшими",1001
"Вологодская область","3_1","Количество лиц, погибших в результате ДТП",92
"Вологодская область","3_1","Количество лиц, получивших ранения в результате совершения ДТП",1310
"Вологодская область","3_1","Число погибших на 100 пострадавших","6,562054208"
"Калининградская область","3_1","Количество ДТП с пострадавшими",780
"Калининградская область","3_1","Количество лиц, погибших в результате ДТП",54
"Калининградская область","3_1","Количество лиц, получивших ранения в результате совершения ДТП",889
"Калининградская область","3_1","Число погибших на 100 пострадавших","5,72640509"
"ГУ МВД России по г.Санкт-Петерб. и Лен.обл.","3_1","Количество ДТП с пострадавшими",4274
"ГУ МВД России по г.Санкт-Петерб. и Лен.обл.","3_1","Количество лиц, погибших в результате ДТП",331
"ГУ МВД России по г.Санкт-Петерб. и Лен.обл.","3_1","Количество лиц, получивших ранения в результате совершения ДТП",4768
"ГУ МВД России по г.Санкт-Петерб. и Лен.обл.","3_1","Число погибших на 100 пострадавших","6,491468915"
"  Ленинградская область","3_1","Количество ДТП с пострадавшими",1286
"  Ленинградская область","3_1","Количество лиц, погибших в результате ДТП",224
"  Ленинградская область","3_1","Количество лиц, получивших ранения в результате совершения ДТП",1528
"  Ленинградская область","3_1","Число погибших на 100 пострадавших","12,78538813"
"  г. Санкт-Петербург","3_1","Количество ДТП с пострадавшими",2988
"  г. Санкт-Петербург","3_1","Количество лиц, погибших в результате ДТП",107
"  г. Санкт-Петербург","3_1","Количество лиц, получивших ранения в результате совершения ДТП",3240
"  г. Санкт-Петербург","3_1","Число погибших на 100 пострадавших","3,19689274"
"Мурманская область","3_1","Количество ДТП с пострадавшими",420
"Мурманская область","3_1","Количество лиц, погибших в результате ДТП",29
"Мурманская область","3_1","Количество лиц, получивших ранения в результате совершения ДТП",565
"Мурманская область","3_1","Число погибших на 100 пострадавших","4,882154882"
"Новгородская  область","3_1","Количество ДТП с пострадавшими",529
"Новгородская  область","3_1","Количество лиц, погибших в результате ДТП",54
"Новгородская  область","3_1","Количество лиц, получивших ранения в результате совершения ДТП",628
"Новгородская  область","3_1","Число погибших на 100 пострадавших","7,917888563"
"Псковская область","3_1","Количество ДТП с пострадавшими",613
"Псковская область","3_1","Количество лиц, погибших в результате ДТП",79
"Псковская область","3_1","Количество лиц, получивших ранения в результате совершения ДТП",813
"Псковская область","3_1","Число погибших на 100 пострадавших","8,856502242"
"Северо-Кавказский фед.округ","3_1","Количество ДТП с пострадавшими",4585
"Северо-Кавказский фед.округ","3_1","Количество лиц, погибших в результате ДТП",754
"Северо-Кавказский фед.округ","3_1","Количество лиц, получивших ранения в результате совершения ДТП",6083
"Северо-Кавказский фед.округ","3_1","Число погибших на 100 пострадавших","11,02822876"
"Ставропольский край","3_1","Количество ДТП с пострадавшими",1789
"Ставропольский край","3_1","Количество лиц, погибших в результате ДТП",259
"Ставропольский край","3_1","Количество лиц, получивших ранения в результате совершения ДТП",2230
"Ставропольский край","3_1","Число погибших на 100 пострадавших","10,40578546"
"Республика Ингушетия","3_1","Количество ДТП с пострадавшими",129
"Республика Ингушетия","3_1","Количество лиц, погибших в результате ДТП",42
"Республика Ингушетия","3_1","Количество лиц, получивших ранения в результате совершения ДТП",210
"Республика Ингушетия","3_1","Число погибших на 100 пострадавших","16,66666667"
"Республика Дагестан","3_1","Количество ДТП с пострадавшими",1214
"Республика Дагестан","3_1","Количество лиц, погибших в результате ДТП",229
"Республика Дагестан","3_1","Количество лиц, получивших ранения в результате совершения ДТП",1751
"Республика Дагестан","3_1","Число погибших на 100 пострадавших","11,56565657"
"Кабардино-Балкарская Респ.","3_1","Количество ДТП с пострадавшими",479
"Кабардино-Балкарская Респ.","3_1","Количество лиц, погибших в результате ДТП",94
"Кабардино-Балкарская Респ.","3_1","Количество лиц, получивших ранения в результате совершения ДТП",553
"Кабардино-Балкарская Респ.","3_1","Число погибших на 100 пострадавших","14,52859351"
"Респ. Сев.Осетия - Алания","3_1","Количество ДТП с пострадавшими",626
"Респ. Сев.Осетия - Алания","3_1","Количество лиц, погибших в результате ДТП",52
"Респ. Сев.Осетия - Алания","3_1","Количество лиц, получивших ранения в результате совершения ДТП",900
"Респ. Сев.Осетия - Алания","3_1","Число погибших на 100 пострадавших","5,462184874"
"Карачаево-Черкесская Респ.","3_1","Количество ДТП с пострадавшими",251
"Карачаево-Черкесская Респ.","3_1","Количество лиц, погибших в результате ДТП",47
"Карачаево-Черкесская Респ.","3_1","Количество лиц, получивших ранения в результате совершения ДТП",301
"Карачаево-Черкесская Респ.","3_1","Число погибших на 100 пострадавших","13,50574713"
"Чеченская Республика","3_1","Количество ДТП с пострадавшими",97
"Чеченская Республика","3_1","Количество лиц, погибших в результате ДТП",31
"Чеченская Республика","3_1","Количество лиц, получивших ранения в результате совершения ДТП",138
"Чеченская Республика","3_1","Число погибших на 100 пострадавших","18,34319527"
"Южный фед.округ","3_1","Количество ДТП с пострадавшими",11102
"Южный фед.округ","3_1","Количество лиц, погибших в результате ДТП",1489
"Южный фед.округ","3_1","Количество лиц, получивших ранения в результате совершения ДТП",13788
"Южный фед.округ","3_1","Число погибших на 100 пострадавших","9,746678013"
"Краснодарский край","3_1","Количество ДТП с пострадавшими",4492
"Краснодарский край","3_1","Количество лиц, погибших в результате ДТП",571
"Краснодарский край","3_1","Количество лиц, получивших ранения в результате совершения ДТП",5582
"Краснодарский край","3_1","Число погибших на 100 пострадавших","9,280026004"
"Астраханская область","3_1","Количество ДТП с пострадавшими",675
"Астраханская область","3_1","Количество лиц, погибших в результате ДТП",58
"Астраханская область","3_1","Количество лиц, получивших ранения в результате совершения ДТП",824
"Астраханская область","3_1","Число погибших на 100 пострадавших","6,575963719"
"Волгоградская область","3_1","Количество ДТП с пострадавшими",1798
"Волгоградская область","3_1","Количество лиц, погибших в результате ДТП",183
"Волгоградская область","3_1","Количество лиц, получивших ранения в результате совершения ДТП",2345
"Волгоградская область","3_1","Число погибших на 100 пострадавших","7,238924051"
"Ростовская область","3_1","Количество ДТП с пострадавшими",2111
"Ростовская область","3_1","Количество лиц, погибших в результате ДТП",382
"Ростовская область","3_1","Количество лиц, получивших ранения в результате совершения ДТП",2522
"Ростовская область","3_1","Число погибших на 100 пострадавших","13,15426997"
"Республика Адыгея","3_1","Количество ДТП с пострадавшими",323
"Республика Адыгея","3_1","Количество лиц, погибших в результате ДТП",57
"Республика Адыгея","3_1","Количество лиц, получивших ранения в результате совершения ДТП",373
"Республика Адыгея","3_1","Число погибших на 100 пострадавших","13,25581395"
"Республика Калмыкия","3_1","Количество ДТП с пострадавшими",428
"Республика Калмыкия","3_1","Количество лиц, погибших в результате ДТП",74
"Республика Калмыкия","3_1","Количество лиц, получивших ранения в результате совершения ДТП",604
"Республика Калмыкия","3_1","Число погибших на 100 пострадавших","10,91445428"
"Республика Крым","3_1","Количество ДТП с пострадавшими",932
"Республика Крым","3_1","Количество лиц, погибших в результате ДТП",144
"Республика Крым","3_1","Количество лиц, получивших ранения в результате совершения ДТП",1120
"Республика Крым","3_1","Число погибших на 100 пострадавших","11,39240506"
"г. Севастополь","3_1","Количество ДТП с пострадавшими",343
"г. Севастополь","3_1","Количество лиц, погибших в результате ДТП",20
"г. Севастополь","3_1","Количество лиц, получивших ранения в результате совершения ДТП",418
"г. Севастополь","3_1","Число погибших на 100 пострадавших","4,566210046"
"Приволжский фед.округ","3_1","Количество ДТП с пострадавшими",19857
"Приволжский фед.округ","3_1","Количество лиц, погибших в результате ДТП",2060
"Приволжский фед.округ","3_1","Количество лиц, получивших ранения в результате совершения ДТП",25151
"Приволжский фед.округ","3_1","Число погибших на 100 пострадавших","7,570467826"
"Республика Башкортостан","3_1","Количество ДТП с пострадавшими",2157
"Республика Башкортостан","3_1","Количество лиц, погибших в результате ДТП",289
"Республика Башкортостан","3_1","Количество лиц, получивших ранения в результате совершения ДТП",2660
"Республика Башкортостан","3_1","Число погибших на 100 пострадавших","9,79993218"
"Республика Марий Эл","3_1","Количество ДТП с пострадавшими",530
"Республика Марий Эл","3_1","Количество лиц, погибших в результате ДТП",66
"Республика Марий Эл","3_1","Количество лиц, получивших ранения в результате совершения ДТП",675
"Республика Марий Эл","3_1","Число погибших на 100 пострадавших","8,906882591"
"Республика Мордовия","3_1","Количество ДТП с пострадавшими",448
"Республика Мордовия","3_1","Количество лиц, погибших в результате ДТП",60
"Республика Мордовия","3_1","Количество лиц, получивших ранения в результате совершения ДТП",574
"Республика Мордовия","3_1","Число погибших на 100 пострадавших","9,463722397"
"Республика Татарстан","3_1","Количество ДТП с пострадавшими",2320
"Республика Татарстан","3_1","Количество лиц, погибших в результате ДТП",220
"Республика Татарстан","3_1","Количество лиц, получивших ранения в результате совершения ДТП",2819
"Республика Татарстан","3_1","Число погибших на 100 пострадавших","7,239223429"
"Удмуртская Республика","3_1","Количество ДТП с пострадавшими",1016
"Удмуртская Республика","3_1","Количество лиц, погибших в результате ДТП",93
"Удмуртская Республика","3_1","Количество лиц, получивших ранения в результате совершения ДТП",1233
"Удмуртская Республика","3_1","Число погибших на 100 пострадавших","7,013574661"
"Чувашская Республика","3_1","Количество ДТП с пострадавшими",583
"Чувашская Республика","3_1","Количество лиц, погибших в результате ДТП",79
"Чувашская Республика","3_1","Количество лиц, получивших ранения в результате совершения ДТП",747
"Чувашская Республика","3_1","Число погибших на 100 пострадавших","9,564164649"
"Кировская область","3_1","Количество ДТП с пострадавшими",1212
"Кировская область","3_1","Количество лиц, погибших в результате ДТП",85
"Кировская область","3_1","Количество лиц, получивших ранения в результате совершения ДТП",1474
"Кировская область","3_1","Число погибших на 100 пострадавших","5,452212957"
"Нижегородская область","3_1","Количество ДТП с пострадавшими",3375
"Нижегородская область","3_1","Количество лиц, погибших в результате ДТП",238
"Нижегородская область","3_1","Количество лиц, получивших ранения в результате совершения ДТП",4228
"Нижегородская область","3_1","Число погибших на 100 пострадавших","5,329153605"
"Оренбургская область","3_1","Количество ДТП с пострадавшими",910
"Оренбургская область","3_1","Количество лиц, погибших в результате ДТП",162
"Оренбургская область","3_1","Количество лиц, получивших ранения в результате совершения ДТП",1153
"Оренбургская область","3_1","Число погибших на 100 пострадавших","12,31939163"
"Пензенская область","3_1","Количество ДТП с пострадавшими",1182
"Пензенская область","3_1","Количество лиц, погибших в результате ДТП",140
"Пензенская область","3_1","Количество лиц, получивших ранения в результате совершения ДТП",1622
"Пензенская область","3_1","Число погибших на 100 пострадавших","7,945516459"
"Пермский край","3_1","Количество ДТП с пострадавшими",1463
"Пермский край","3_1","Количество лиц, погибших в результате ДТП",153
"Пермский край","3_1","Количество лиц, получивших ранения в результате совершения ДТП",1835
"Пермский край","3_1","Число погибших на 100 пострадавших","7,696177062"
"Самарская область","3_1","Количество ДТП с пострадавшими",2155
"Самарская область","3_1","Количество лиц, погибших в результате ДТП",216
"Самарская область","3_1","Количество лиц, получивших ранения в результате совершения ДТП",2815
"Самарская область","3_1","Число погибших на 100 пострадавших","7,126360937"
"Саратовская область","3_1","Количество ДТП с пострадавшими",1845
"Саратовская область","3_1","Количество лиц, погибших в результате ДТП",189
"Саратовская область","3_1","Количество лиц, получивших ранения в результате совершения ДТП",2394
"Саратовская область","3_1","Число погибших на 100 пострадавших","7,317073171"
"Ульяновская область","3_1","Количество ДТП с пострадавшими",661
"Ульяновская область","3_1","Количество лиц, погибших в результате ДТП",70
"Ульяновская область","3_1","Количество лиц, получивших ранения в результате совершения ДТП",922
"Ульяновская область","3_1","Число погибших на 100 пострадавших","7,056451613"
"Уральский фед.округ","3_1","Количество ДТП с пострадавшими",8353
"Уральский фед.округ","3_1","Количество лиц, погибших в результате ДТП",785
"Уральский фед.округ","3_1","Количество лиц, получивших ранения в результате совершения ДТП",10534
"Уральский фед.округ","3_1","Число погибших на 100 пострадавших","6,935241629"
"Курганская область","3_1","Количество ДТП с пострадавшими",565
"Курганская область","3_1","Количество лиц, погибших в результате ДТП",73
"Курганская область","3_1","Количество лиц, получивших ранения в результате совершения ДТП",670
"Курганская область","3_1","Число погибших на 100 пострадавших","9,825033647"
"Свердловская область","3_1","Количество ДТП с пострадавшими",2065
"Свердловская область","3_1","Количество лиц, погибших в результате ДТП",236
"Свердловская область","3_1","Количество лиц, получивших ранения в результате совершения ДТП",2546
"Свердловская область","3_1","Число погибших на 100 пострадавших","8,483105679"
"Тюменская область (с а/о)","3_1","Количество ДТП с пострадавшими",3199
"Тюменская область (с а/о)","3_1","Количество лиц, погибших в результате ДТП",231
"Тюменская область (с а/о)","3_1","Количество лиц, получивших ранения в результате совершения ДТП",4205
"Тюменская область (с а/о)","3_1","Число погибших на 100 пострадавших","5,207394049"
"  Тюменская обл. (без а/о)","3_1","Количество ДТП с пострадавшими",2177
"  Тюменская обл. (без а/о)","3_1","Количество лиц, погибших в результате ДТП",130
"  Тюменская обл. (без а/о)","3_1","Количество лиц, получивших ранения в результате совершения ДТП",2821
"  Тюменская обл. (без а/о)","3_1","Число погибших на 100 пострадавших","4,405286344"
"  Ханты-Мансийский АО - Югра","3_1","Количество ДТП с пострадавшими",804
"  Ханты-Мансийский АО - Югра","3_1","Количество лиц, погибших в результате ДТП",77
"  Ханты-Мансийский АО - Югра","3_1","Количество лиц, получивших ранения в результате совершения ДТП",1136
"  Ханты-Мансийский АО - Югра","3_1","Число погибших на 100 пострадавших","6,347897774"
"  Ямало-Ненецкий АО","3_1","Количество ДТП с пострадавшими",218
"  Ямало-Ненецкий АО","3_1","Количество лиц, погибших в результате ДТП",24
"  Ямало-Ненецкий АО","3_1","Количество лиц, получивших ранения в результате совершения ДТП",248
"  Ямало-Ненецкий АО","3_1","Число погибших на 100 пострадавших","8,823529412"
"Челябинская область","3_1","Количество ДТП с пострадавшими",2524
"Челябинская область","3_1","Количество лиц, погибших в результате ДТП",245
"Челябинская область","3_1","Количество лиц, получивших ранения в результате совершения ДТП",3113
"Челябинская область","3_1","Число погибших на 100 пострадавших","7,296009529"
"Сибирский фед.округ","3_1","Количество ДТП с пострадавшими",12403
"Сибирский фед.округ","3_1","Количество лиц, погибших в результате ДТП",1254
"Сибирский фед.округ","3_1","Количество лиц, получивших ранения в результате совершения ДТП",15528
"Сибирский фед.округ","3_1","Число погибших на 100 пострадавших","7,472291741"
"Республика Алтай","3_1","Количество ДТП с пострадавшими",272
"Республика Алтай","3_1","Количество лиц, погибших в результате ДТП",33
"Республика Алтай","3_1","Количество лиц, получивших ранения в результате совершения ДТП",354
"Республика Алтай","3_1","Число погибших на 100 пострадавших","8,527131783"
"Республика Тыва","3_1","Количество ДТП с пострадавшими",355
"Республика Тыва","3_1","Количество лиц, погибших в результате ДТП",60
"Республика Тыва","3_1","Количество лиц, получивших ранения в результате совершения ДТП",482
"Республика Тыва","3_1","Число погибших на 100 пострадавших","11,0701107"
"Республика Хакасия","3_1","Количество ДТП с пострадавшими",363
"Республика Хакасия","3_1","Количество лиц, погибших в результате ДТП",36
"Республика Хакасия","3_1","Количество лиц, получивших ранения в результате совершения ДТП",464
"Республика Хакасия","3_1","Число погибших на 100 пострадавших","7,2"
"Алтайский край","3_1","Количество ДТП с пострадавшими",1637
"Алтайский край","3_1","Количество лиц, погибших в результате ДТП",156
"Алтайский край","3_1","Количество лиц, получивших ранения в результате совершения ДТП",2159
"Алтайский край","3_1","Число погибших на 100 пострадавших","6,738660907"
"Красноярский край","3_1","Количество ДТП с пострадавшими",2290
"Красноярский край","3_1","Количество лиц, погибших в результате ДТП",214
"Красноярский край","3_1","Количество лиц, получивших ранения в результате совершения ДТП",2753
"Красноярский край","3_1","Число погибших на 100 пострадавших","7,212672733"
"Иркутская область","3_1","Количество ДТП с пострадавшими",1602
"Иркутская область","3_1","Количество лиц, погибших в результате ДТП",210
"Иркутская область","3_1","Количество лиц, получивших ранения в результате совершения ДТП",1940
"Иркутская область","3_1","Число погибших на 100 пострадавших","9,76744186"
"Кемеровская область - Кузбасс","3_1","Количество ДТП с пострадавшими",1749
"Кемеровская область - Кузбасс","3_1","Количество лиц, погибших в результате ДТП",209
"Кемеровская область - Кузбасс","3_1","Количество лиц, получивших ранения в результате совершения ДТП",2268
"Кемеровская область - Кузбасс","3_1","Число погибших на 100 пострадавших","8,437626161"
"Новосибирская область","3_1","Количество ДТП с пострадавшими",1921
"Новосибирская область","3_1","Количество лиц, погибших в результате ДТП",184
"Новосибирская область","3_1","Количество лиц, получивших ранения в результате совершения ДТП",2329
"Новосибирская область","3_1","Число погибших на 100 пострадавших","7,321925985"
"Омская область","3_1","Количество ДТП с пострадавшими",1894
"Омская область","3_1","Количество лиц, погибших в результате ДТП",107
"Омская область","3_1","Количество лиц, получивших ранения в результате совершения ДТП",2415
"Омская область","3_1","Число погибших на 100 пострадавших","4,242664552"
"Томская область","3_1","Количество ДТП с пострадавшими",320
"Томская область","3_1","Количество лиц, погибших в результате ДТП",45
"Томская область","3_1","Количество лиц, получивших ранения в результате совершения ДТП",364
"Томская область","3_1","Число погибших на 100 пострадавших","11,00244499"
"Дальневосточный фед.округ","3_1","Количество ДТП с пострадавшими",6631
"Дальневосточный фед.округ","3_1","Количество лиц, погибших в результате ДТП",784
"Дальневосточный фед.округ","3_1","Количество лиц, получивших ранения в результате совершения ДТП",8460
"Дальневосточный фед.округ","3_1","Число погибших на 100 пострадавших","8,48117698"
"Республика Бурятия","3_1","Количество ДТП с пострадавшими",773
"Республика Бурятия","3_1","Количество лиц, погибших в результате ДТП",80
"Республика Бурятия","3_1","Количество лиц, получивших ранения в результате совершения ДТП",1000
"Республика Бурятия","3_1","Число погибших на 100 пострадавших","7,407407407"
"Республика Саха (Якутия)","3_1","Количество ДТП с пострадавшими",565
"Республика Саха (Якутия)","3_1","Количество лиц, погибших в результате ДТП",68
"Республика Саха (Якутия)","3_1","Количество лиц, получивших ранения в результате совершения ДТП",753
"Республика Саха (Якутия)","3_1","Число погибших на 100 пострадавших","8,282582217"
"Забайкальский край","3_1","Количество ДТП с пострадавшими",752
"Забайкальский край","3_1","Количество лиц, погибших в результате ДТП",149
"Забайкальский край","3_1","Количество лиц, получивших ранения в результате совершения ДТП",830
"Забайкальский край","3_1","Число погибших на 100 пострадавших","15,21961185"
"Приморский край","3_1","Количество ДТП с пострадавшими",1847
"Приморский край","3_1","Количество лиц, погибших в результате ДТП",178
"Приморский край","3_1","Количество лиц, получивших ранения в результате совершения ДТП",2438
"Приморский край","3_1","Число погибших на 100 пострадавших","6,804281346"
"Хабаровский край","3_1","Количество ДТП с пострадавшими",959
"Хабаровский край","3_1","Количество лиц, погибших в результате ДТП",109
"Хабаровский край","3_1","Количество лиц, получивших ранения в результате совершения ДТП",1165
"Хабаровский край","3_1","Число погибших на 100 пострадавших","8,555729984"
"Камчатский край","3_1","Количество ДТП с пострадавшими",293
"Камчатский край","3_1","Количество лиц, погибших в результате ДТП",26
"Камчатский край","3_1","Количество лиц, получивших ранения в результате совершения ДТП",367
"Камчатский край","3_1","Число погибших на 100 пострадавших","6,615776081"
"Амурская область","3_1","Количество ДТП с пострадавшими",866
"Амурская область","3_1","Количество лиц, погибших в результате ДТП",91
"Амурская область","3_1","Количество лиц, получивших ранения в результате совершения ДТП",1173
"Амурская область","3_1","Число погибших на 100 пострадавших","7,199367089"
"Магаданская область","3_1","Количество ДТП с пострадавшими",125
"Магаданская область","3_1","Количество лиц, погибших в результате ДТП",17
"Магаданская область","3_1","Количество лиц, получивших ранения в результате совершения ДТП",163
"Магаданская область","3_1","Число погибших на 100 пострадавших","9,444444444"
"Сахалинская область","3_1","Количество ДТП с пострадавшими",275
"Сахалинская область","3_1","Количество лиц, погибших в результате ДТП",49
"Сахалинская область","3_1","Количество лиц, получивших ранения в результате совершения ДТП",344
"Сахалинская область","3_1","Число погибших на 100 пострадавших","12,46819338"
"Еврейская АО","3_1","Количество ДТП с пострадавшими",165
"Еврейская АО","3_1","Количество лиц, погибших в результате ДТП",16
"Еврейская АО","3_1","Количество лиц, получивших ранения в результате совершения ДТП",211
"Еврейская АО","3_1","Число погибших на 100 пострадавших","7,04845815"
"Чукотский АО","3_1","Количество ДТП с пострадавшими",11
"Чукотский АО","3_1","Количество лиц, погибших в результате ДТП",1
"Чукотский АО","3_1","Количество лиц, получивших ранения в результате совершения ДТП",16
"Чукотский АО","3_1","Число погибших на 100 пострадавших","5,882352941"
"ФТ ""Сириус""","3_1","Количество ДТП с пострадавшими",19
"ФТ ""Сириус""","3_1","Количество лиц, погибших в результате ДТП",4
"ФТ ""Сириус""","3_1","Количество лиц, получивших ранения в результате совершения ДТП",18
"ФТ ""Сириус""","3_1","Число погибших на 100 пострадавших","18,18181818"
"Всего по России ","3_1","Количество ДТП с пострадавшими",96389
"Всего по России ","3_1","Количество лиц, погибших в результате ДТП",10422
"Всего по России ","3_1","Количество лиц, получивших ранения в результате совершения ДТП",120152
"Всего по России ","3_1","Число погибших на 100 пострадавших","7,981680886"
