"Субъект","Пункт ФПСР","Наименование статистического показателя","Значение статистического показателя (за январь-июнь 2024 г.)"
"Subject","Point FPSR","Name of the statistical factor","Importance of the statistical factor"
"Центральный фед.округ","3_1","Количество ДТП с пострадавшими",14084
"Центральный фед.округ","3_1","Количество лиц, погибших в результате ДТП",1387
"Центральный фед.округ","3_1","Количество лиц, получивших ранения в результате совершения ДТП",17375
"Центральный фед.округ","3_1","Число погибших на 100 пострадавших","7,392602068"
"1. Белгородская область","3_1","Количество ДТП с пострадавшими",501
"1. Белгородская область","3_1","Количество лиц, погибших в результате ДТП",80
"1. Белгородская область","3_1","Количество лиц, получивших ранения в результате совершения ДТП",695
"1. Белгородская область","3_1","Число погибших на 100 пострадавших","10,32258065"
"2. Брянская область","3_1","Количество ДТП с пострадавшими",198
"2. Брянская область","3_1","Количество лиц, погибших в результате ДТП",40
"2. Брянская область","3_1","Количество лиц, получивших ранения в результате совершения ДТП",232
"2. Брянская область","3_1","Число погибших на 100 пострадавших","14,70588235"
"3. Владимирская область","3_1","Количество ДТП с пострадавшими",788
"3. Владимирская область","3_1","Количество лиц, погибших в результате ДТП",75
"3. Владимирская область","3_1","Количество лиц, получивших ранения в результате совершения ДТП",1032
"3. Владимирская область","3_1","Число погибших на 100 пострадавших","6,775067751"
"4. Воронежская область","3_1","Количество ДТП с пострадавшими",1109
"4. Воронежская область","3_1","Количество лиц, погибших в результате ДТП",158
"4. Воронежская область","3_1","Количество лиц, получивших ранения в результате совершения ДТП",1404
"4. Воронежская область","3_1","Число погибших на 100 пострадавших","10,11523688"
"5. Ивановская область","3_1","Количество ДТП с пострадавшими",471
"5. Ивановская область","3_1","Количество лиц, погибших в результате ДТП",25
"5. Ивановская область","3_1","Количество лиц, получивших ранения в результате совершения ДТП",630
"5. Ивановская область","3_1","Число погибших на 100 пострадавших","3,816793893"
"6. Калужская область","3_1","Количество ДТП с пострадавшими",484
"6. Калужская область","3_1","Количество лиц, погибших в результате ДТП",40
"6. Калужская область","3_1","Количество лиц, получивших ранения в результате совершения ДТП",622
"6. Калужская область","3_1","Число погибших на 100 пострадавших","6,042296073"
"7. Костромская область","3_1","Количество ДТП с пострадавшими",386
"7. Костромская область","3_1","Количество лиц, погибших в результате ДТП",29
"7. Костромская область","3_1","Количество лиц, получивших ранения в результате совершения ДТП",489
"7. Костромская область","3_1","Число погибших на 100 пострадавших","5,598455598"
"8. Курская область","3_1","Количество ДТП с пострадавшими",504
"8. Курская область","3_1","Количество лиц, погибших в результате ДТП",45
"8. Курская область","3_1","Количество лиц, получивших ранения в результате совершения ДТП",691
"8. Курская область","3_1","Число погибших на 100 пострадавших","6,114130435"
"9. Липецкая область","3_1","Количество ДТП с пострадавшими",479
"9. Липецкая область","3_1","Количество лиц, погибших в результате ДТП",65
"9. Липецкая область","3_1","Количество лиц, получивших ранения в результате совершения ДТП",632
"9. Липецкая область","3_1","Число погибших на 100 пострадавших","9,325681492"
"10. г. Москва","3_1","Количество ДТП с пострадавшими",3904
"10. г. Москва","3_1","Количество лиц, погибших в результате ДТП",146
"10. г. Москва","3_1","Количество лиц, получивших ранения в результате совершения ДТП",4321
"10. г. Москва","3_1","Число погибших на 100 пострадавших","3,268412805"
"11. Московская область","3_1","Количество ДТП с пострадавшими",1618
"11. Московская область","3_1","Количество лиц, погибших в результате ДТП",260
"11. Московская область","3_1","Количество лиц, получивших ранения в результате совершения ДТП",1865
"11. Московская область","3_1","Число погибших на 100 пострадавших","12,23529412"
"12. Орловская область","3_1","Количество ДТП с пострадавшими",275
"12. Орловская область","3_1","Количество лиц, погибших в результате ДТП",30
"12. Орловская область","3_1","Количество лиц, получивших ранения в результате совершения ДТП",360
"12. Орловская область","3_1","Число погибших на 100 пострадавших","7,692307692"
"13. Рязанская область","3_1","Количество ДТП с пострадавшими",578
"13. Рязанская область","3_1","Количество лиц, погибших в результате ДТП",86
"13. Рязанская область","3_1","Количество лиц, получивших ранения в результате совершения ДТП",828
"13. Рязанская область","3_1","Число погибших на 100 пострадавших","9,409190372"
"14. Смоленская область","3_1","Количество ДТП с пострадавшими",341
"14. Смоленская область","3_1","Количество лиц, погибших в результате ДТП",38
"14. Смоленская область","3_1","Количество лиц, получивших ранения в результате совершения ДТП",420
"14. Смоленская область","3_1","Число погибших на 100 пострадавших","8,296943231"
"15. Тамбовская область","3_1","Количество ДТП с пострадавшими",473
"15. Тамбовская область","3_1","Количество лиц, погибших в результате ДТП",61
"15. Тамбовская область","3_1","Количество лиц, получивших ранения в результате совершения ДТП",663
"15. Тамбовская область","3_1","Число погибших на 100 пострадавших","8,425414365"
"16. Тверская область","3_1","Количество ДТП с пострадавшими",630
"16. Тверская область","3_1","Количество лиц, погибших в результате ДТП",57
"16. Тверская область","3_1","Количество лиц, получивших ранения в результате совершения ДТП",799
"16. Тверская область","3_1","Число погибших на 100 пострадавших","6,658878505"
"17. Тульская область","3_1","Количество ДТП с пострадавшими",739
"17. Тульская область","3_1","Количество лиц, погибших в результате ДТП",70
"17. Тульская область","3_1","Количество лиц, получивших ранения в результате совершения ДТП",915
"17. Тульская область","3_1","Число погибших на 100 пострадавших","7,106598985"
"18. Ярославская область","3_1","Количество ДТП с пострадавшими",606
"18. Ярославская область","3_1","Количество лиц, погибших в результате ДТП",82
"18. Ярославская область","3_1","Количество лиц, получивших ранения в результате совершения ДТП",777
"18. Ярославская область","3_1","Число погибших на 100 пострадавших","9,545983702"
"Северо-Западный фед.округ","3_1","Количество ДТП с пострадавшими",5416
"Северо-Западный фед.округ","3_1","Количество лиц, погибших в результате ДТП",459
"Северо-Западный фед.округ","3_1","Количество лиц, получивших ранения в результате совершения ДТП",6477
"Северо-Западный фед.округ","3_1","Число погибших на 100 пострадавших","6,617647059"
"19. Республика Карелия","3_1","Количество ДТП с пострадавшими",271
"19. Республика Карелия","3_1","Количество лиц, погибших в результате ДТП",33
"19. Республика Карелия","3_1","Количество лиц, получивших ранения в результате совершения ДТП",350
"19. Республика Карелия","3_1","Число погибших на 100 пострадавших","8,61618799"
"20. Республика Коми","3_1","Количество ДТП с пострадавшими",365
"20. Республика Коми","3_1","Количество лиц, погибших в результате ДТП",23
"20. Республика Коми","3_1","Количество лиц, получивших ранения в результате совершения ДТП",470
"20. Республика Коми","3_1","Число погибших на 100 пострадавших","4,665314402"
"21. Архангельская обл. (с АО )","3_1","Количество ДТП с пострадавшими",270
"21. Архангельская обл. (с АО )","3_1","Количество лиц, погибших в результате ДТП",37
"21. Архангельская обл. (с АО )","3_1","Количество лиц, получивших ранения в результате совершения ДТП",326
"21. Архангельская обл. (с АО )","3_1","Число погибших на 100 пострадавших","10,19283747"
"22.   Архангельская обл. (без а/о)","3_1","Количество ДТП с пострадавшими",259
"22.   Архангельская обл. (без а/о)","3_1","Количество лиц, погибших в результате ДТП",36
"22.   Архангельская обл. (без а/о)","3_1","Количество лиц, получивших ранения в результате совершения ДТП",315
"22.   Архангельская обл. (без а/о)","3_1","Число погибших на 100 пострадавших","10,25641026"
"23.   Ненецкий АО","3_1","Количество ДТП с пострадавшими",11
"23.   Ненецкий АО","3_1","Количество лиц, погибших в результате ДТП",1
"23.   Ненецкий АО","3_1","Количество лиц, получивших ранения в результате совершения ДТП",11
"23.   Ненецкий АО","3_1","Число погибших на 100 пострадавших","8,333333333"
"24. Вологодская область","3_1","Количество ДТП с пострадавшими",560
"24. Вологодская область","3_1","Количество лиц, погибших в результате ДТП",41
"24. Вологодская область","3_1","Количество лиц, получивших ранения в результате совершения ДТП",706
"24. Вологодская область","3_1","Число погибших на 100 пострадавших","5,488621151"
"25. Калининградская область","3_1","Количество ДТП с пострадавшими",506
"25. Калининградская область","3_1","Количество лиц, погибших в результате ДТП",35
"25. Калининградская область","3_1","Количество лиц, получивших ранения в результате совершения ДТП",583
"25. Калининградская область","3_1","Число погибших на 100 пострадавших","5,663430421"
"26. ГУ МВД России по г.Санкт-Петерб. и Лен.обл.","3_1","Количество ДТП с пострадавшими",2546
"26. ГУ МВД России по г.Санкт-Петерб. и Лен.обл.","3_1","Количество лиц, погибших в результате ДТП",200
"26. ГУ МВД России по г.Санкт-Петерб. и Лен.обл.","3_1","Количество лиц, получивших ранения в результате совершения ДТП",2850
"26. ГУ МВД России по г.Санкт-Петерб. и Лен.обл.","3_1","Число погибших на 100 пострадавших","6,557377049"
"27.   Ленинградская область","3_1","Количество ДТП с пострадавшими",706
"27.   Ленинградская область","3_1","Количество лиц, погибших в результате ДТП",130
"27.   Ленинградская область","3_1","Количество лиц, получивших ранения в результате совершения ДТП",850
"27.   Ленинградская область","3_1","Число погибших на 100 пострадавших","13,26530612"
"28.   г. Санкт-Петербург","3_1","Количество ДТП с пострадавшими",1840
"28.   г. Санкт-Петербург","3_1","Количество лиц, погибших в результате ДТП",70
"28.   г. Санкт-Петербург","3_1","Количество лиц, получивших ранения в результате совершения ДТП",2000
"28.   г. Санкт-Петербург","3_1","Число погибших на 100 пострадавших","3,381642512"
"29. Мурманская область","3_1","Количество ДТП с пострадавшими",257
"29. Мурманская область","3_1","Количество лиц, погибших в результате ДТП",10
"29. Мурманская область","3_1","Количество лиц, получивших ранения в результате совершения ДТП",363
"29. Мурманская область","3_1","Число погибших на 100 пострадавших","2,680965147"
"30. Новгородская  область","3_1","Количество ДТП с пострадавшими",283
"30. Новгородская  область","3_1","Количество лиц, погибших в результате ДТП",34
"30. Новгородская  область","3_1","Количество лиц, получивших ранения в результате совершения ДТП",344
"30. Новгородская  область","3_1","Число погибших на 100 пострадавших","8,994708995"
"31. Псковская область","3_1","Количество ДТП с пострадавшими",358
"31. Псковская область","3_1","Количество лиц, погибших в результате ДТП",46
"31. Псковская область","3_1","Количество лиц, получивших ранения в результате совершения ДТП",485
"31. Псковская область","3_1","Число погибших на 100 пострадавших","8,662900188"
"Северо-Кавказский фед.округ","3_1","Количество ДТП с пострадавшими",2821
"Северо-Кавказский фед.округ","3_1","Количество лиц, погибших в результате ДТП",483
"Северо-Кавказский фед.округ","3_1","Количество лиц, получивших ранения в результате совершения ДТП",3711
"Северо-Кавказский фед.округ","3_1","Число погибших на 100 пострадавших","11,51645207"
"32. Ставропольский край","3_1","Количество ДТП с пострадавшими",1095
"32. Ставропольский край","3_1","Количество лиц, погибших в результате ДТП",168
"32. Ставропольский край","3_1","Количество лиц, получивших ранения в результате совершения ДТП",1364
"32. Ставропольский край","3_1","Число погибших на 100 пострадавших","10,96605744"
"33. Республика Ингушетия","3_1","Количество ДТП с пострадавшими",75
"33. Республика Ингушетия","3_1","Количество лиц, погибших в результате ДТП",24
"33. Республика Ингушетия","3_1","Количество лиц, получивших ранения в результате совершения ДТП",116
"33. Республика Ингушетия","3_1","Число погибших на 100 пострадавших","17,14285714"
"34. Республика Дагестан","3_1","Количество ДТП с пострадавшими",773
"34. Республика Дагестан","3_1","Количество лиц, погибших в результате ДТП",146
"34. Республика Дагестан","3_1","Количество лиц, получивших ранения в результате совершения ДТП",1112
"34. Республика Дагестан","3_1","Число погибших на 100 пострадавших","11,60572337"
"35. Кабардино-Балкарская Респ.","3_1","Количество ДТП с пострадавшими",300
"35. Кабардино-Балкарская Респ.","3_1","Количество лиц, погибших в результате ДТП",58
"35. Кабардино-Балкарская Респ.","3_1","Количество лиц, получивших ранения в результате совершения ДТП",342
"35. Кабардино-Балкарская Респ.","3_1","Число погибших на 100 пострадавших","14,5"
"36. Респ. Сев.Осетия - Алания","3_1","Количество ДТП с пострадавшими",370
"36. Респ. Сев.Осетия - Алания","3_1","Количество лиц, погибших в результате ДТП",28
"36. Респ. Сев.Осетия - Алания","3_1","Количество лиц, получивших ранения в результате совершения ДТП",521
"36. Респ. Сев.Осетия - Алания","3_1","Число погибших на 100 пострадавших","5,100182149"
"37. Карачаево-Черкесская Респ.","3_1","Количество ДТП с пострадавшими",158
"37. Карачаево-Черкесская Респ.","3_1","Количество лиц, погибших в результате ДТП",39
"37. Карачаево-Черкесская Респ.","3_1","Количество лиц, получивших ранения в результате совершения ДТП",196
"37. Карачаево-Черкесская Респ.","3_1","Число погибших на 100 пострадавших","16,59574468"
"38. Чеченская Республика","3_1","Количество ДТП с пострадавшими",50
"38. Чеченская Республика","3_1","Количество лиц, погибших в результате ДТП",20
"38. Чеченская Республика","3_1","Количество лиц, получивших ранения в результате совершения ДТП",60
"38. Чеченская Республика","3_1","Число погибших на 100 пострадавших",25
"39. Южный фед.округ","3_1","Количество ДТП с пострадавшими",6626
"39. Южный фед.округ","3_1","Количество лиц, погибших в результате ДТП",863
"39. Южный фед.округ","3_1","Количество лиц, получивших ранения в результате совершения ДТП",8083
"39. Южный фед.округ","3_1","Число погибших на 100 пострадавших","9,646769506"
"40. Краснодарский край","3_1","Количество ДТП с пострадавшими",2639
"40. Краснодарский край","3_1","Количество лиц, погибших в результате ДТП",330
"40. Краснодарский край","3_1","Количество лиц, получивших ранения в результате совершения ДТП",3248
"40. Краснодарский край","3_1","Число погибших на 100 пострадавших","9,223029625"
"41. Астраханская область","3_1","Количество ДТП с пострадавшими",420
"41. Астраханская область","3_1","Количество лиц, погибших в результате ДТП",33
"41. Астраханская область","3_1","Количество лиц, получивших ранения в результате совершения ДТП",512
"41. Астраханская область","3_1","Число погибших на 100 пострадавших","6,055045872"
"42. Волгоградская область","3_1","Количество ДТП с пострадавшими",1045
"42. Волгоградская область","3_1","Количество лиц, погибших в результате ДТП",94
"42. Волгоградская область","3_1","Количество лиц, получивших ранения в результате совершения ДТП",1332
"42. Волгоградская область","3_1","Число погибших на 100 пострадавших","6,591865358"
"43. Ростовская область","3_1","Количество ДТП с пострадавшими",1311
"43. Ростовская область","3_1","Количество лиц, погибших в результате ДТП",236
"43. Ростовская область","3_1","Количество лиц, получивших ранения в результате совершения ДТП",1517
"43. Ростовская область","3_1","Число погибших на 100 пострадавших","13,46263548"
"44. Республика Адыгея","3_1","Количество ДТП с пострадавшими",188
"44. Республика Адыгея","3_1","Количество лиц, погибших в результате ДТП",43
"44. Республика Адыгея","3_1","Количество лиц, получивших ранения в результате совершения ДТП",205
"44. Республика Адыгея","3_1","Число погибших на 100 пострадавших","17,33870968"
"45. Республика Калмыкия","3_1","Количество ДТП с пострадавшими",262
"45. Республика Калмыкия","3_1","Количество лиц, погибших в результате ДТП",39
"45. Республика Калмыкия","3_1","Количество лиц, получивших ранения в результате совершения ДТП",363
"45. Республика Калмыкия","3_1","Число погибших на 100 пострадавших","9,701492537"
"88. Республика Крым","3_1","Количество ДТП с пострадавшими",544
"88. Республика Крым","3_1","Количество лиц, погибших в результате ДТП",72
"88. Республика Крым","3_1","Количество лиц, получивших ранения в результате совершения ДТП",640
"88. Республика Крым","3_1","Число погибших на 100 пострадавших","10,11235955"
"89. г. Севастополь","3_1","Количество ДТП с пострадавшими",217
"89. г. Севастополь","3_1","Количество лиц, погибших в результате ДТП",16
"89. г. Севастополь","3_1","Количество лиц, получивших ранения в результате совершения ДТП",266
"89. г. Севастополь","3_1","Число погибших на 100 пострадавших","5,673758865"
"Приволжский фед.округ","3_1","Количество ДТП с пострадавшими",11463
"Приволжский фед.округ","3_1","Количество лиц, погибших в результате ДТП",1190
"Приволжский фед.округ","3_1","Количество лиц, получивших ранения в результате совершения ДТП",14573
"Приволжский фед.округ","3_1","Число погибших на 100 пострадавших","7,549324367"
"46. Республика Башкортостан","3_1","Количество ДТП с пострадавшими",1265
"46. Республика Башкортостан","3_1","Количество лиц, погибших в результате ДТП",172
"46. Республика Башкортостан","3_1","Количество лиц, получивших ранения в результате совершения ДТП",1545
"46. Республика Башкортостан","3_1","Число погибших на 100 пострадавших","10,01747234"
"47. Республика Марий Эл","3_1","Количество ДТП с пострадавшими",293
"47. Республика Марий Эл","3_1","Количество лиц, погибших в результате ДТП",37
"47. Республика Марий Эл","3_1","Количество лиц, получивших ранения в результате совершения ДТП",371
"47. Республика Марий Эл","3_1","Число погибших на 100 пострадавших","9,068627451"
"48. Республика Мордовия","3_1","Количество ДТП с пострадавшими",239
"48. Республика Мордовия","3_1","Количество лиц, погибших в результате ДТП",34
"48. Республика Мордовия","3_1","Количество лиц, получивших ранения в результате совершения ДТП",318
"48. Республика Мордовия","3_1","Число погибших на 100 пострадавших","9,659090909"
"49. Республика Татарстан","3_1","Количество ДТП с пострадавшими",1347
"49. Республика Татарстан","3_1","Количество лиц, погибших в результате ДТП",146
"49. Республика Татарстан","3_1","Количество лиц, получивших ранения в результате совершения ДТП",1656
"49. Республика Татарстан","3_1","Число погибших на 100 пострадавших","8,102108768"
"50. Удмуртская Республика","3_1","Количество ДТП с пострадавшими",590
"50. Удмуртская Республика","3_1","Количество лиц, погибших в результате ДТП",58
"50. Удмуртская Республика","3_1","Количество лиц, получивших ранения в результате совершения ДТП",717
"50. Удмуртская Республика","3_1","Число погибших на 100 пострадавших","7,483870968"
"51. Чувашская Республика","3_1","Количество ДТП с пострадавшими",333
"51. Чувашская Республика","3_1","Количество лиц, погибших в результате ДТП",40
"51. Чувашская Республика","3_1","Количество лиц, получивших ранения в результате совершения ДТП",449
"51. Чувашская Республика","3_1","Число погибших на 100 пострадавших","8,1799591"
"52. Кировская область","3_1","Количество ДТП с пострадавшими",700
"52. Кировская область","3_1","Количество лиц, погибших в результате ДТП",47
"52. Кировская область","3_1","Количество лиц, получивших ранения в результате совершения ДТП",851
"52. Кировская область","3_1","Число погибших на 100 пострадавших","5,233853007"
"53. Нижегородская область","3_1","Количество ДТП с пострадавшими",1900
"53. Нижегородская область","3_1","Количество лиц, погибших в результате ДТП",111
"53. Нижегородская область","3_1","Количество лиц, получивших ранения в результате совершения ДТП",2342
"53. Нижегородская область","3_1","Число погибших на 100 пострадавших","4,525071341"
"54. Оренбургская область","3_1","Количество ДТП с пострадавшими",548
"54. Оренбургская область","3_1","Количество лиц, погибших в результате ДТП",95
"54. Оренбургская область","3_1","Количество лиц, получивших ранения в результате совершения ДТП",715
"54. Оренбургская область","3_1","Число погибших на 100 пострадавших","11,72839506"
"55. Пензенская область","3_1","Количество ДТП с пострадавшими",690
"55. Пензенская область","3_1","Количество лиц, погибших в результате ДТП",84
"55. Пензенская область","3_1","Количество лиц, получивших ранения в результате совершения ДТП",956
"55. Пензенская область","3_1","Число погибших на 100 пострадавших","8,076923077"
"56. Пермский край","3_1","Количество ДТП с пострадавшими",833
"56. Пермский край","3_1","Количество лиц, погибших в результате ДТП",91
"56. Пермский край","3_1","Количество лиц, получивших ранения в результате совершения ДТП",1021
"56. Пермский край","3_1","Число погибших на 100 пострадавших","8,183453237"
"57. Самарская область","3_1","Количество ДТП с пострадавшими",1242
"57. Самарская область","3_1","Количество лиц, погибших в результате ДТП",122
"57. Самарская область","3_1","Количество лиц, получивших ранения в результате совершения ДТП",1692
"57. Самарская область","3_1","Число погибших на 100 пострадавших","6,725468578"
"58. Саратовская область","3_1","Количество ДТП с пострадавшими",1088
"58. Саратовская область","3_1","Количество лиц, погибших в результате ДТП",111
"58. Саратовская область","3_1","Количество лиц, получивших ранения в результате совершения ДТП",1402
"58. Саратовская область","3_1","Число погибших на 100 пострадавших","7,336417713"
"59. Ульяновская область","3_1","Количество ДТП с пострадавшими",395
"59. Ульяновская область","3_1","Количество лиц, погибших в результате ДТП",42
"59. Ульяновская область","3_1","Количество лиц, получивших ранения в результате совершения ДТП",538
"59. Ульяновская область","3_1","Число погибших на 100 пострадавших","7,24137931"
"Уральский фед.округ","3_1","Количество ДТП с пострадавшими",4970
"Уральский фед.округ","3_1","Количество лиц, погибших в результате ДТП",437
"Уральский фед.округ","3_1","Количество лиц, получивших ранения в результате совершения ДТП",6300
"Уральский фед.округ","3_1","Число погибших на 100 пострадавших","6,486566721"
"60. Курганская область","3_1","Количество ДТП с пострадавшими",330
"60. Курганская область","3_1","Количество лиц, погибших в результате ДТП",39
"60. Курганская область","3_1","Количество лиц, получивших ранения в результате совершения ДТП",393
"60. Курганская область","3_1","Число погибших на 100 пострадавших","9,027777778"
"61. Свердловская область","3_1","Количество ДТП с пострадавшими",1227
"61. Свердловская область","3_1","Количество лиц, погибших в результате ДТП",135
"61. Свердловская область","3_1","Количество лиц, получивших ранения в результате совершения ДТП",1534
"61. Свердловская область","3_1","Число погибших на 100 пострадавших","8,088675854"
"62. Тюменская область (с а/о)","3_1","Количество ДТП с пострадавшими",1881
"62. Тюменская область (с а/о)","3_1","Количество лиц, погибших в результате ДТП",136
"62. Тюменская область (с а/о)","3_1","Количество лиц, получивших ранения в результате совершения ДТП",2487
"62. Тюменская область (с а/о)","3_1","Число погибших на 100 пострадавших","5,184902783"
"63.   Тюменская обл. (без а/о)","3_1","Количество ДТП с пострадавшими",1270
"63.   Тюменская обл. (без а/о)","3_1","Количество лиц, погибших в результате ДТП",74
"63.   Тюменская обл. (без а/о)","3_1","Количество лиц, получивших ранения в результате совершения ДТП",1641
"63.   Тюменская обл. (без а/о)","3_1","Число погибших на 100 пострадавших","4,314868805"
"64.   Ханты-Мансийский АО - Югра","3_1","Количество ДТП с пострадавшими",497
"64.   Ханты-Мансийский АО - Югра","3_1","Количество лиц, погибших в результате ДТП",45
"64.   Ханты-Мансийский АО - Югра","3_1","Количество лиц, получивших ранения в результате совершения ДТП",716
"64.   Ханты-Мансийский АО - Югра","3_1","Число погибших на 100 пострадавших","5,913272011"
"65.   Ямало-Ненецкий АО","3_1","Количество ДТП с пострадавшими",114
"65.   Ямало-Ненецкий АО","3_1","Количество лиц, погибших в результате ДТП",17
"65.   Ямало-Ненецкий АО","3_1","Количество лиц, получивших ранения в результате совершения ДТП",130
"65.   Ямало-Ненецкий АО","3_1","Число погибших на 100 пострадавших","11,56462585"
"66. Челябинская область","3_1","Количество ДТП с пострадавшими",1532
"66. Челябинская область","3_1","Количество лиц, погибших в результате ДТП",127
"66. Челябинская область","3_1","Количество лиц, получивших ранения в результате совершения ДТП",1886
"66. Челябинская область","3_1","Число погибших на 100 пострадавших","6,308991555"
"Сибирский фед.округ","3_1","Количество ДТП с пострадавшими",7148
"Сибирский фед.округ","3_1","Количество лиц, погибших в результате ДТП",685
"Сибирский фед.округ","3_1","Количество лиц, получивших ранения в результате совершения ДТП",9095
"Сибирский фед.округ","3_1","Число погибших на 100 пострадавших","7,00408998"
"67. Республика Алтай","3_1","Количество ДТП с пострадавшими",143
"67. Республика Алтай","3_1","Количество лиц, погибших в результате ДТП",11
"67. Республика Алтай","3_1","Количество лиц, получивших ранения в результате совершения ДТП",189
"67. Республика Алтай","3_1","Число погибших на 100 пострадавших","5,5"
"69. Республика Тыва","3_1","Количество ДТП с пострадавшими",200
"69. Республика Тыва","3_1","Количество лиц, погибших в результате ДТП",31
"69. Республика Тыва","3_1","Количество лиц, получивших ранения в результате совершения ДТП",267
"69. Республика Тыва","3_1","Число погибших на 100 пострадавших","10,40268456"
"70. Республика Хакасия","3_1","Количество ДТП с пострадавшими",230
"70. Республика Хакасия","3_1","Количество лиц, погибших в результате ДТП",24
"70. Республика Хакасия","3_1","Количество лиц, получивших ранения в результате совершения ДТП",282
"70. Республика Хакасия","3_1","Число погибших на 100 пострадавших","7,843137255"
"71. Алтайский край","3_1","Количество ДТП с пострадавшими",979
"71. Алтайский край","3_1","Количество лиц, погибших в результате ДТП",93
"71. Алтайский край","3_1","Количество лиц, получивших ранения в результате совершения ДТП",1296
"71. Алтайский край","3_1","Число погибших на 100 пострадавших","6,695464363"
"72. Красноярский край","3_1","Количество ДТП с пострадавшими",1261
"72. Красноярский край","3_1","Количество лиц, погибших в результате ДТП",111
"72. Красноярский край","3_1","Количество лиц, получивших ранения в результате совершения ДТП",1522
"72. Красноярский край","3_1","Число погибших на 100 пострадавших","6,797305573"
"73. Иркутская область","3_1","Количество ДТП с пострадавшими",951
"73. Иркутская область","3_1","Количество лиц, погибших в результате ДТП",115
"73. Иркутская область","3_1","Количество лиц, получивших ранения в результате совершения ДТП",1162
"73. Иркутская область","3_1","Число погибших на 100 пострадавших","9,005481597"
"74. Кемеровская область - Кузбасс","3_1","Количество ДТП с пострадавшими",970
"74. Кемеровская область - Кузбасс","3_1","Количество лиц, погибших в результате ДТП",113
"74. Кемеровская область - Кузбасс","3_1","Количество лиц, получивших ранения в результате совершения ДТП",1387
"74. Кемеровская область - Кузбасс","3_1","Число погибших на 100 пострадавших","7,533333333"
"75. Новосибирская область","3_1","Количество ДТП с пострадавшими",1065
"75. Новосибирская область","3_1","Количество лиц, погибших в результате ДТП",96
"75. Новосибирская область","3_1","Количество лиц, получивших ранения в результате совершения ДТП",1313
"75. Новосибирская область","3_1","Число погибших на 100 пострадавших","6,813342796"
"76. Омская область","3_1","Количество ДТП с пострадавшими",1147
"76. Омская область","3_1","Количество лиц, погибших в результате ДТП",63
"76. Омская область","3_1","Количество лиц, получивших ранения в результате совершения ДТП",1445
"76. Омская область","3_1","Число погибших на 100 пострадавших","4,177718833"
"77. Томская область","3_1","Количество ДТП с пострадавшими",202
"77. Томская область","3_1","Количество лиц, погибших в результате ДТП",28
"77. Томская область","3_1","Количество лиц, получивших ранения в результате совершения ДТП",232
"77. Томская область","3_1","Число погибших на 100 пострадавших","10,76923077"
"Дальневосточный фед.округ","3_1","Количество ДТП с пострадавшими",3834
"Дальневосточный фед.округ","3_1","Количество лиц, погибших в результате ДТП",461
"Дальневосточный фед.округ","3_1","Количество лиц, получивших ранения в результате совершения ДТП",4849
"Дальневосточный фед.округ","3_1","Число погибших на 100 пострадавших","8,68173258"
"68. Республика Бурятия","3_1","Количество ДТП с пострадавшими",432
"68. Республика Бурятия","3_1","Количество лиц, погибших в результате ДТП",42
"68. Республика Бурятия","3_1","Количество лиц, получивших ранения в результате совершения ДТП",547
"68. Республика Бурятия","3_1","Число погибших на 100 пострадавших","7,130730051"
"79. Республика Саха (Якутия)","3_1","Количество ДТП с пострадавшими",340
"79. Республика Саха (Якутия)","3_1","Количество лиц, погибших в результате ДТП",41
"79. Республика Саха (Якутия)","3_1","Количество лиц, получивших ранения в результате совершения ДТП",447
"79. Республика Саха (Якутия)","3_1","Число погибших на 100 пострадавших","8,401639344"
"78. Забайкальский край","3_1","Количество ДТП с пострадавшими",413
"78. Забайкальский край","3_1","Количество лиц, погибших в результате ДТП",94
"78. Забайкальский край","3_1","Количество лиц, получивших ранения в результате совершения ДТП",435
"78. Забайкальский край","3_1","Число погибших на 100 пострадавших","17,76937618"
"80. Приморский край","3_1","Количество ДТП с пострадавшими",1107
"80. Приморский край","3_1","Количество лиц, погибших в результате ДТП",109
"80. Приморский край","3_1","Количество лиц, получивших ранения в результате совершения ДТП",1432
"80. Приморский край","3_1","Число погибших на 100 пострадавших","7,073329007"
"81. Хабаровский край","3_1","Количество ДТП с пострадавшими",563
"81. Хабаровский край","3_1","Количество лиц, погибших в результате ДТП",62
"81. Хабаровский край","3_1","Количество лиц, получивших ранения в результате совершения ДТП",703
"81. Хабаровский край","3_1","Число погибших на 100 пострадавших","8,104575163"
"82. Камчатский край","3_1","Количество ДТП с пострадавшими",181
"82. Камчатский край","3_1","Количество лиц, погибших в результате ДТП",12
"82. Камчатский край","3_1","Количество лиц, получивших ранения в результате совершения ДТП",222
"82. Камчатский край","3_1","Число погибших на 100 пострадавших","5,128205128"
"83. Амурская область","3_1","Количество ДТП с пострадавшими",500
"83. Амурская область","3_1","Количество лиц, погибших в результате ДТП",52
"83. Амурская область","3_1","Количество лиц, получивших ранения в результате совершения ДТП",690
"83. Амурская область","3_1","Число погибших на 100 пострадавших","7,008086253"
"84. Магаданская область","3_1","Количество ДТП с пострадавшими",69
"84. Магаданская область","3_1","Количество лиц, погибших в результате ДТП",8
"84. Магаданская область","3_1","Количество лиц, получивших ранения в результате совершения ДТП",96
"84. Магаданская область","3_1","Число погибших на 100 пострадавших","7,692307692"
"85. Сахалинская область","3_1","Количество ДТП с пострадавшими",151
"85. Сахалинская область","3_1","Количество лиц, погибших в результате ДТП",32
"85. Сахалинская область","3_1","Количество лиц, получивших ранения в результате совершения ДТП",176
"85. Сахалинская область","3_1","Число погибших на 100 пострадавших","15,38461538"
"86. Еврейская АО","3_1","Количество ДТП с пострадавшими",72
"86. Еврейская АО","3_1","Количество лиц, погибших в результате ДТП",8
"86. Еврейская АО","3_1","Количество лиц, получивших ранения в результате совершения ДТП",90
"86. Еврейская АО","3_1","Число погибших на 100 пострадавших","8,163265306"
"87. Чукотский АО","3_1","Количество ДТП с пострадавшими",6
"87. Чукотский АО","3_1","Количество лиц, погибших в результате ДТП",1
"87. Чукотский АО","3_1","Количество лиц, получивших ранения в результате совершения ДТП",11
"87. Чукотский АО","3_1","Число погибших на 100 пострадавших","8,333333333"
"90. ФТ ""Сириус""","3_1","Количество ДТП с пострадавшими",7
"90. ФТ ""Сириус""","3_1","Количество лиц, погибших в результате ДТП",2
"90. ФТ ""Сириус""","3_1","Количество лиц, получивших ранения в результате совершения ДТП",6
"90. ФТ ""Сириус""","3_1","Число погибших на 100 пострадавших",25
"Всего по России ","3_1","Количество ДТП с пострадавшими",56369
"Всего по России ","3_1","Количество лиц, погибших в результате ДТП",5967
"Всего по России ","3_1","Количество лиц, получивших ранения в результате совершения ДТП",70469
"Всего по России ","3_1","Число погибших на 100 пострадавших","7,806530954"
