"Субъект","Пункт ФПСР","Наименование статистического показателя","Значение статистического показателя (за январь-февраль 2024 г.)"
"Subject","Point FPSR","Name of the statistical factor","Importance of the statistical factor"
"Центральный фед.округ","3_1","Количество ДТП с пострадавшими",3546
"Центральный фед.округ","3_1","Количество лиц, погибших в результате ДТП",355
"Центральный фед.округ","3_1","Количество лиц, получивших ранения в результате совершения ДТП",4596
"Центральный фед.округ","3_1","Число погибших на 100 пострадавших","7,170268633"
"1. Белгородская область","3_1","Количество ДТП с пострадавшими",150
"1. Белгородская область","3_1","Количество лиц, погибших в результате ДТП",22
"1. Белгородская область","3_1","Количество лиц, получивших ранения в результате совершения ДТП",217
"1. Белгородская область","3_1","Число погибших на 100 пострадавших","9,205020921"
"2. Брянская область","3_1","Количество ДТП с пострадавшими",33
"2. Брянская область","3_1","Количество лиц, погибших в результате ДТП",6
"2. Брянская область","3_1","Количество лиц, получивших ранения в результате совершения ДТП",50
"2. Брянская область","3_1","Число погибших на 100 пострадавших","10,71428571"
"3. Владимирская область","3_1","Количество ДТП с пострадавшими",227
"3. Владимирская область","3_1","Количество лиц, погибших в результате ДТП",15
"3. Владимирская область","3_1","Количество лиц, получивших ранения в результате совершения ДТП",306
"3. Владимирская область","3_1","Число погибших на 100 пострадавших","4,672897196"
"4. Воронежская область","3_1","Количество ДТП с пострадавшими",273
"4. Воронежская область","3_1","Количество лиц, погибших в результате ДТП",55
"4. Воронежская область","3_1","Количество лиц, получивших ранения в результате совершения ДТП",353
"4. Воронежская область","3_1","Число погибших на 100 пострадавших","13,48039216"
"5. Ивановская область","3_1","Количество ДТП с пострадавшими",138
"5. Ивановская область","3_1","Количество лиц, погибших в результате ДТП",11
"5. Ивановская область","3_1","Количество лиц, получивших ранения в результате совершения ДТП",210
"5. Ивановская область","3_1","Число погибших на 100 пострадавших","4,977375566"
"6. Калужская область","3_1","Количество ДТП с пострадавшими",144
"6. Калужская область","3_1","Количество лиц, погибших в результате ДТП",16
"6. Калужская область","3_1","Количество лиц, получивших ранения в результате совершения ДТП",203
"6. Калужская область","3_1","Число погибших на 100 пострадавших","7,305936073"
"7. Костромская область","3_1","Количество ДТП с пострадавшими",117
"7. Костромская область","3_1","Количество лиц, погибших в результате ДТП",13
"7. Костромская область","3_1","Количество лиц, получивших ранения в результате совершения ДТП",142
"7. Костромская область","3_1","Число погибших на 100 пострадавших","8,387096774"
"8. Курская область","3_1","Количество ДТП с пострадавшими",106
"8. Курская область","3_1","Количество лиц, погибших в результате ДТП",14
"8. Курская область","3_1","Количество лиц, получивших ранения в результате совершения ДТП",164
"8. Курская область","3_1","Число погибших на 100 пострадавших","7,865168539"
"9. Липецкая область","3_1","Количество ДТП с пострадавшими",108
"9. Липецкая область","3_1","Количество лиц, погибших в результате ДТП",13
"9. Липецкая область","3_1","Количество лиц, получивших ранения в результате совершения ДТП",154
"9. Липецкая область","3_1","Число погибших на 100 пострадавших","7,784431138"
"10. г. Москва","3_1","Количество ДТП с пострадавшими",901
"10. г. Москва","3_1","Количество лиц, погибших в результате ДТП",30
"10. г. Москва","3_1","Количество лиц, получивших ранения в результате совершения ДТП",996
"10. г. Москва","3_1","Число погибших на 100 пострадавших","2,923976608"
"11. Московская область","3_1","Количество ДТП с пострадавшими",390
"11. Московская область","3_1","Количество лиц, погибших в результате ДТП",56
"11. Московская область","3_1","Количество лиц, получивших ранения в результате совершения ДТП",452
"11. Московская область","3_1","Число погибших на 100 пострадавших","11,02362205"
"12. Орловская область","3_1","Количество ДТП с пострадавшими",58
"12. Орловская область","3_1","Количество лиц, погибших в результате ДТП",8
"12. Орловская область","3_1","Количество лиц, получивших ранения в результате совершения ДТП",85
"12. Орловская область","3_1","Число погибших на 100 пострадавших","8,602150538"
"13. Рязанская область","3_1","Количество ДТП с пострадавшими",145
"13. Рязанская область","3_1","Количество лиц, погибших в результате ДТП",18
"13. Рязанская область","3_1","Количество лиц, получивших ранения в результате совершения ДТП",232
"13. Рязанская область","3_1","Число погибших на 100 пострадавших","7,2"
"14. Смоленская область","3_1","Количество ДТП с пострадавшими",76
"14. Смоленская область","3_1","Количество лиц, погибших в результате ДТП",4
"14. Смоленская область","3_1","Количество лиц, получивших ранения в результате совершения ДТП",100
"14. Смоленская область","3_1","Число погибших на 100 пострадавших","3,846153846"
"15. Тамбовская область","3_1","Количество ДТП с пострадавшими",124
"15. Тамбовская область","3_1","Количество лиц, погибших в результате ДТП",23
"15. Тамбовская область","3_1","Количество лиц, получивших ранения в результате совершения ДТП",176
"15. Тамбовская область","3_1","Число погибших на 100 пострадавших","11,55778894"
"16. Тверская область","3_1","Количество ДТП с пострадавшими",157
"16. Тверская область","3_1","Количество лиц, погибших в результате ДТП",15
"16. Тверская область","3_1","Количество лиц, получивших ранения в результате совершения ДТП",230
"16. Тверская область","3_1","Число погибших на 100 пострадавших","6,12244898"
"17. Тульская область","3_1","Количество ДТП с пострадавшими",214
"17. Тульская область","3_1","Количество лиц, погибших в результате ДТП",15
"17. Тульская область","3_1","Количество лиц, получивших ранения в результате совершения ДТП",291
"17. Тульская область","3_1","Число погибших на 100 пострадавших","4,901960784"
"18. Ярославская область","3_1","Количество ДТП с пострадавшими",185
"18. Ярославская область","3_1","Количество лиц, погибших в результате ДТП",21
"18. Ярославская область","3_1","Количество лиц, получивших ранения в результате совершения ДТП",235
"18. Ярославская область","3_1","Число погибших на 100 пострадавших","8,203125"
"Северо-Западный фед.округ","3_1","Количество ДТП с пострадавшими",1576
"Северо-Западный фед.округ","3_1","Количество лиц, погибших в результате ДТП",141
"Северо-Западный фед.округ","3_1","Количество лиц, получивших ранения в результате совершения ДТП",1950
"Северо-Западный фед.округ","3_1","Число погибших на 100 пострадавших","6,743185079"
"19. Республика Карелия","3_1","Количество ДТП с пострадавшими",85
"19. Республика Карелия","3_1","Количество лиц, погибших в результате ДТП",14
"19. Республика Карелия","3_1","Количество лиц, получивших ранения в результате совершения ДТП",111
"19. Республика Карелия","3_1","Число погибших на 100 пострадавших","11,2"
"20. Республика Коми","3_1","Количество ДТП с пострадавшими",126
"20. Республика Коми","3_1","Количество лиц, погибших в результате ДТП",9
"20. Республика Коми","3_1","Количество лиц, получивших ранения в результате совершения ДТП",166
"20. Республика Коми","3_1","Число погибших на 100 пострадавших","5,142857143"
"21. Архангельская обл. (с АО )","3_1","Количество ДТП с пострадавшими",87
"21. Архангельская обл. (с АО )","3_1","Количество лиц, погибших в результате ДТП",20
"21. Архангельская обл. (с АО )","3_1","Количество лиц, получивших ранения в результате совершения ДТП",116
"21. Архангельская обл. (с АО )","3_1","Число погибших на 100 пострадавших","14,70588235"
"22.   Архангельская обл. (без а/о)","3_1","Количество ДТП с пострадавшими",85
"22.   Архангельская обл. (без а/о)","3_1","Количество лиц, погибших в результате ДТП",20
"22.   Архангельская обл. (без а/о)","3_1","Количество лиц, получивших ранения в результате совершения ДТП",114
"22.   Архангельская обл. (без а/о)","3_1","Число погибших на 100 пострадавших","14,92537313"
"23.   Ненецкий АО","3_1","Количество ДТП с пострадавшими",2
"23.   Ненецкий АО","3_1","Количество лиц, погибших в результате ДТП",0
"23.   Ненецкий АО","3_1","Количество лиц, получивших ранения в результате совершения ДТП",2
"23.   Ненецкий АО","3_1","Число погибших на 100 пострадавших",0
"24. Вологодская область","3_1","Количество ДТП с пострадавшими",159
"24. Вологодская область","3_1","Количество лиц, погибших в результате ДТП",12
"24. Вологодская область","3_1","Количество лиц, получивших ранения в результате совершения ДТП",198
"24. Вологодская область","3_1","Число погибших на 100 пострадавших","5,714285714"
"25. Калининградская область","3_1","Количество ДТП с пострадавшими",133
"25. Калининградская область","3_1","Количество лиц, погибших в результате ДТП",9
"25. Калининградская область","3_1","Количество лиц, получивших ранения в результате совершения ДТП",147
"25. Калининградская область","3_1","Число погибших на 100 пострадавших","5,769230769"
"26. ГУ МВД России по г.Санкт-Петерб. и Лен.обл.","3_1","Количество ДТП с пострадавшими",715
"26. ГУ МВД России по г.Санкт-Петерб. и Лен.обл.","3_1","Количество лиц, погибших в результате ДТП",44
"26. ГУ МВД России по г.Санкт-Петерб. и Лен.обл.","3_1","Количество лиц, получивших ранения в результате совершения ДТП",807
"26. ГУ МВД России по г.Санкт-Петерб. и Лен.обл.","3_1","Число погибших на 100 пострадавших","5,170387779"
"27.   Ленинградская область","3_1","Количество ДТП с пострадавшими",176
"27.   Ленинградская область","3_1","Количество лиц, погибших в результате ДТП",35
"27.   Ленинградская область","3_1","Количество лиц, получивших ранения в результате совершения ДТП",202
"27.   Ленинградская область","3_1","Число погибших на 100 пострадавших","14,76793249"
"28.   г. Санкт-Петербург","3_1","Количество ДТП с пострадавшими",539
"28.   г. Санкт-Петербург","3_1","Количество лиц, погибших в результате ДТП",9
"28.   г. Санкт-Петербург","3_1","Количество лиц, получивших ранения в результате совершения ДТП",605
"28.   г. Санкт-Петербург","3_1","Число погибших на 100 пострадавших","1,465798046"
"29. Мурманская область","3_1","Количество ДТП с пострадавшими",102
"29. Мурманская область","3_1","Количество лиц, погибших в результате ДТП",5
"29. Мурманская область","3_1","Количество лиц, получивших ранения в результате совершения ДТП",152
"29. Мурманская область","3_1","Число погибших на 100 пострадавших","3,184713376"
"30. Новгородская  область","3_1","Количество ДТП с пострадавшими",69
"30. Новгородская  область","3_1","Количество лиц, погибших в результате ДТП",10
"30. Новгородская  область","3_1","Количество лиц, получивших ранения в результате совершения ДТП",97
"30. Новгородская  область","3_1","Число погибших на 100 пострадавших","9,345794393"
"31. Псковская область","3_1","Количество ДТП с пострадавшими",100
"31. Псковская область","3_1","Количество лиц, погибших в результате ДТП",18
"31. Псковская область","3_1","Количество лиц, получивших ранения в результате совершения ДТП",156
"31. Псковская область","3_1","Число погибших на 100 пострадавших","10,34482759"
"Северо-Кавказский фед.округ","3_1","Количество ДТП с пострадавшими",801
"Северо-Кавказский фед.округ","3_1","Количество лиц, погибших в результате ДТП",157
"Северо-Кавказский фед.округ","3_1","Количество лиц, получивших ранения в результате совершения ДТП",1022
"Северо-Кавказский фед.округ","3_1","Число погибших на 100 пострадавших","13,3163698"
"32. Ставропольский край","3_1","Количество ДТП с пострадавшими",308
"32. Ставропольский край","3_1","Количество лиц, погибших в результате ДТП",57
"32. Ставропольский край","3_1","Количество лиц, получивших ранения в результате совершения ДТП",387
"32. Ставропольский край","3_1","Число погибших на 100 пострадавших","12,83783784"
"33. Республика Ингушетия","3_1","Количество ДТП с пострадавшими",20
"33. Республика Ингушетия","3_1","Количество лиц, погибших в результате ДТП",5
"33. Республика Ингушетия","3_1","Количество лиц, получивших ранения в результате совершения ДТП",27
"33. Республика Ингушетия","3_1","Число погибших на 100 пострадавших","15,625"
"34. Республика Дагестан","3_1","Количество ДТП с пострадавшими",195
"34. Республика Дагестан","3_1","Количество лиц, погибших в результате ДТП",46
"34. Республика Дагестан","3_1","Количество лиц, получивших ранения в результате совершения ДТП",252
"34. Республика Дагестан","3_1","Число погибших на 100 пострадавших","15,43624161"
"35. Кабардино-Балкарская Респ.","3_1","Количество ДТП с пострадавшими",103
"35. Кабардино-Балкарская Респ.","3_1","Количество лиц, погибших в результате ДТП",19
"35. Кабардино-Балкарская Респ.","3_1","Количество лиц, получивших ранения в результате совершения ДТП",121
"35. Кабардино-Балкарская Респ.","3_1","Число погибших на 100 пострадавших","13,57142857"
"36. Респ. Сев.Осетия - Алания","3_1","Количество ДТП с пострадавшими",109
"36. Респ. Сев.Осетия - Алания","3_1","Количество лиц, погибших в результате ДТП",8
"36. Респ. Сев.Осетия - Алания","3_1","Количество лиц, получивших ранения в результате совершения ДТП",167
"36. Респ. Сев.Осетия - Алания","3_1","Число погибших на 100 пострадавших","4,571428571"
"37. Карачаево-Черкесская Респ.","3_1","Количество ДТП с пострадавшими",50
"37. Карачаево-Черкесская Респ.","3_1","Количество лиц, погибших в результате ДТП",16
"37. Карачаево-Черкесская Респ.","3_1","Количество лиц, получивших ранения в результате совершения ДТП",53
"37. Карачаево-Черкесская Респ.","3_1","Число погибших на 100 пострадавших","23,1884058"
"38. Чеченская Республика","3_1","Количество ДТП с пострадавшими",16
"38. Чеченская Республика","3_1","Количество лиц, погибших в результате ДТП",6
"38. Чеченская Республика","3_1","Количество лиц, получивших ранения в результате совершения ДТП",15
"38. Чеченская Республика","3_1","Число погибших на 100 пострадавших","28,57142857"
"39. Южный фед.округ","3_1","Количество ДТП с пострадавшими",1901
"39. Южный фед.округ","3_1","Количество лиц, погибших в результате ДТП",300
"39. Южный фед.округ","3_1","Количество лиц, получивших ранения в результате совершения ДТП",2286
"39. Южный фед.округ","3_1","Число погибших на 100 пострадавших","11,60092807"
"40. Краснодарский край","3_1","Количество ДТП с пострадавшими",729
"40. Краснодарский край","3_1","Количество лиц, погибших в результате ДТП",119
"40. Краснодарский край","3_1","Количество лиц, получивших ранения в результате совершения ДТП",865
"40. Краснодарский край","3_1","Число погибших на 100 пострадавших","12,09349593"
"41. Астраханская область","3_1","Количество ДТП с пострадавшими",124
"41. Астраханская область","3_1","Количество лиц, погибших в результате ДТП",12
"41. Астраханская область","3_1","Количество лиц, получивших ранения в результате совершения ДТП",147
"41. Астраханская область","3_1","Число погибших на 100 пострадавших","7,547169811"
"42. Волгоградская область","3_1","Количество ДТП с пострадавшими",305
"42. Волгоградская область","3_1","Количество лиц, погибших в результате ДТП",30
"42. Волгоградская область","3_1","Количество лиц, получивших ранения в результате совершения ДТП",409
"42. Волгоградская область","3_1","Число погибших на 100 пострадавших","6,833712984"
"43. Ростовская область","3_1","Количество ДТП с пострадавшими",379
"43. Ростовская область","3_1","Количество лиц, погибших в результате ДТП",81
"43. Ростовская область","3_1","Количество лиц, получивших ранения в результате совершения ДТП",431
"43. Ростовская область","3_1","Число погибших на 100 пострадавших","15,8203125"
"44. Республика Адыгея","3_1","Количество ДТП с пострадавшими",43
"44. Республика Адыгея","3_1","Количество лиц, погибших в результате ДТП",14
"44. Республика Адыгея","3_1","Количество лиц, получивших ранения в результате совершения ДТП",47
"44. Республика Адыгея","3_1","Число погибших на 100 пострадавших","22,95081967"
"45. Республика Калмыкия","3_1","Количество ДТП с пострадавшими",78
"45. Республика Калмыкия","3_1","Количество лиц, погибших в результате ДТП",17
"45. Республика Калмыкия","3_1","Количество лиц, получивших ранения в результате совершения ДТП",109
"45. Республика Калмыкия","3_1","Число погибших на 100 пострадавших","13,49206349"
"88. Республика Крым","3_1","Количество ДТП с пострадавшими",184
"88. Республика Крым","3_1","Количество лиц, погибших в результате ДТП",22
"88. Республика Крым","3_1","Количество лиц, получивших ранения в результате совершения ДТП",199
"88. Республика Крым","3_1","Число погибших на 100 пострадавших","9,954751131"
"89. г. Севастополь","3_1","Количество ДТП с пострадавшими",59
"89. г. Севастополь","3_1","Количество лиц, погибших в результате ДТП",5
"89. г. Севастополь","3_1","Количество лиц, получивших ранения в результате совершения ДТП",79
"89. г. Севастополь","3_1","Число погибших на 100 пострадавших","5,952380952"
"Приволжский фед.округ","3_1","Количество ДТП с пострадавшими",3288
"Приволжский фед.округ","3_1","Количество лиц, погибших в результате ДТП",378
"Приволжский фед.округ","3_1","Количество лиц, получивших ранения в результате совершения ДТП",4381
"Приволжский фед.округ","3_1","Число погибших на 100 пострадавших","7,942845136"
"46. Республика Башкортостан","3_1","Количество ДТП с пострадавшими",367
"46. Республика Башкортостан","3_1","Количество лиц, погибших в результате ДТП",50
"46. Республика Башкортостан","3_1","Количество лиц, получивших ранения в результате совершения ДТП",469
"46. Республика Башкортостан","3_1","Число погибших на 100 пострадавших","9,633911368"
"47. Республика Марий Эл","3_1","Количество ДТП с пострадавшими",79
"47. Республика Марий Эл","3_1","Количество лиц, погибших в результате ДТП",13
"47. Республика Марий Эл","3_1","Количество лиц, получивших ранения в результате совершения ДТП",103
"47. Республика Марий Эл","3_1","Число погибших на 100 пострадавших","11,20689655"
"48. Республика Мордовия","3_1","Количество ДТП с пострадавшими",61
"48. Республика Мордовия","3_1","Количество лиц, погибших в результате ДТП",9
"48. Республика Мордовия","3_1","Количество лиц, получивших ранения в результате совершения ДТП",79
"48. Республика Мордовия","3_1","Число погибших на 100 пострадавших","10,22727273"
"49. Республика Татарстан","3_1","Количество ДТП с пострадавшими",402
"49. Республика Татарстан","3_1","Количество лиц, погибших в результате ДТП",49
"49. Республика Татарстан","3_1","Количество лиц, получивших ранения в результате совершения ДТП",513
"49. Республика Татарстан","3_1","Число погибших на 100 пострадавших","8,71886121"
"50. Удмуртская Республика","3_1","Количество ДТП с пострадавшими",192
"50. Удмуртская Республика","3_1","Количество лиц, погибших в результате ДТП",15
"50. Удмуртская Республика","3_1","Количество лиц, получивших ранения в результате совершения ДТП",256
"50. Удмуртская Республика","3_1","Число погибших на 100 пострадавших","5,535055351"
"51. Чувашская Республика","3_1","Количество ДТП с пострадавшими",102
"51. Чувашская Республика","3_1","Количество лиц, погибших в результате ДТП",13
"51. Чувашская Республика","3_1","Количество лиц, получивших ранения в результате совершения ДТП",159
"51. Чувашская Республика","3_1","Число погибших на 100 пострадавших","7,558139535"
"52. Кировская область","3_1","Количество ДТП с пострадавшими",201
"52. Кировская область","3_1","Количество лиц, погибших в результате ДТП",20
"52. Кировская область","3_1","Количество лиц, получивших ранения в результате совершения ДТП",263
"52. Кировская область","3_1","Число погибших на 100 пострадавших","7,067137809"
"53. Нижегородская область","3_1","Количество ДТП с пострадавшими",521
"53. Нижегородская область","3_1","Количество лиц, погибших в результате ДТП",35
"53. Нижегородская область","3_1","Количество лиц, получивших ранения в результате совершения ДТП",671
"53. Нижегородская область","3_1","Число погибших на 100 пострадавших","4,957507082"
"54. Оренбургская область","3_1","Количество ДТП с пострадавшими",143
"54. Оренбургская область","3_1","Количество лиц, погибших в результате ДТП",30
"54. Оренбургская область","3_1","Количество лиц, получивших ранения в результате совершения ДТП",199
"54. Оренбургская область","3_1","Число погибших на 100 пострадавших","13,10043668"
"55. Пензенская область","3_1","Количество ДТП с пострадавшими",215
"55. Пензенская область","3_1","Количество лиц, погибших в результате ДТП",25
"55. Пензенская область","3_1","Количество лиц, получивших ранения в результате совершения ДТП",308
"55. Пензенская область","3_1","Число погибших на 100 пострадавших","7,507507508"
"56. Пермский край","3_1","Количество ДТП с пострадавшими",266
"56. Пермский край","3_1","Количество лиц, погибших в результате ДТП",33
"56. Пермский край","3_1","Количество лиц, получивших ранения в результате совершения ДТП",328
"56. Пермский край","3_1","Число погибших на 100 пострадавших","9,141274238"
"57. Самарская область","3_1","Количество ДТП с пострадавшими",365
"57. Самарская область","3_1","Количество лиц, погибших в результате ДТП",28
"57. Самарская область","3_1","Количество лиц, получивших ранения в результате совершения ДТП",543
"57. Самарская область","3_1","Число погибших на 100 пострадавших","4,903677758"
"58. Саратовская область","3_1","Количество ДТП с пострадавшими",242
"58. Саратовская область","3_1","Количество лиц, погибших в результате ДТП",40
"58. Саратовская область","3_1","Количество лиц, получивших ранения в результате совершения ДТП",315
"58. Саратовская область","3_1","Число погибших на 100 пострадавших","11,26760563"
"59. Ульяновская область","3_1","Количество ДТП с пострадавшими",132
"59. Ульяновская область","3_1","Количество лиц, погибших в результате ДТП",18
"59. Ульяновская область","3_1","Количество лиц, получивших ранения в результате совершения ДТП",175
"59. Ульяновская область","3_1","Число погибших на 100 пострадавших","9,32642487"
"Уральский фед.округ","3_1","Количество ДТП с пострадавшими",1460
"Уральский фед.округ","3_1","Количество лиц, погибших в результате ДТП",129
"Уральский фед.округ","3_1","Количество лиц, получивших ранения в результате совершения ДТП",1973
"Уральский фед.округ","3_1","Число погибших на 100 пострадавших","6,137012369"
"60. Курганская область","3_1","Количество ДТП с пострадавшими",88
"60. Курганская область","3_1","Количество лиц, погибших в результате ДТП",11
"60. Курганская область","3_1","Количество лиц, получивших ранения в результате совершения ДТП",116
"60. Курганская область","3_1","Число погибших на 100 пострадавших","8,661417323"
"61. Свердловская область","3_1","Количество ДТП с пострадавшими",331
"61. Свердловская область","3_1","Количество лиц, погибших в результате ДТП",44
"61. Свердловская область","3_1","Количество лиц, получивших ранения в результате совершения ДТП",451
"61. Свердловская область","3_1","Число погибших на 100 пострадавших","8,888888889"
"62. Тюменская область (с а/о)","3_1","Количество ДТП с пострадавшими",626
"62. Тюменская область (с а/о)","3_1","Количество лиц, погибших в результате ДТП",47
"62. Тюменская область (с а/о)","3_1","Количество лиц, получивших ранения в результате совершения ДТП",884
"62. Тюменская область (с а/о)","3_1","Число погибших на 100 пострадавших","5,048335124"
"63.   Тюменская обл. (без а/о)","3_1","Количество ДТП с пострадавшими",396
"63.   Тюменская обл. (без а/о)","3_1","Количество лиц, погибших в результате ДТП",28
"63.   Тюменская обл. (без а/о)","3_1","Количество лиц, получивших ранения в результате совершения ДТП",555
"63.   Тюменская обл. (без а/о)","3_1","Число погибших на 100 пострадавших","4,802744425"
"64.   Ханты-Мансийский АО - Югра","3_1","Количество ДТП с пострадавшими",192
"64.   Ханты-Мансийский АО - Югра","3_1","Количество лиц, погибших в результате ДТП",12
"64.   Ханты-Мансийский АО - Югра","3_1","Количество лиц, получивших ранения в результате совершения ДТП",281
"64.   Ханты-Мансийский АО - Югра","3_1","Число погибших на 100 пострадавших","4,09556314"
"65.   Ямало-Ненецкий АО","3_1","Количество ДТП с пострадавшими",38
"65.   Ямало-Ненецкий АО","3_1","Количество лиц, погибших в результате ДТП",7
"65.   Ямало-Ненецкий АО","3_1","Количество лиц, получивших ранения в результате совершения ДТП",48
"65.   Ямало-Ненецкий АО","3_1","Число погибших на 100 пострадавших","12,72727273"
"66. Челябинская область","3_1","Количество ДТП с пострадавшими",415
"66. Челябинская область","3_1","Количество лиц, погибших в результате ДТП",27
"66. Челябинская область","3_1","Количество лиц, получивших ранения в результате совершения ДТП",522
"66. Челябинская область","3_1","Число погибших на 100 пострадавших","4,918032787"
"Сибирский фед.округ","3_1","Количество ДТП с пострадавшими",2081
"Сибирский фед.округ","3_1","Количество лиц, погибших в результате ДТП",188
"Сибирский фед.округ","3_1","Количество лиц, получивших ранения в результате совершения ДТП",2722
"Сибирский фед.округ","3_1","Число погибших на 100 пострадавших","6,4604811"
"67. Республика Алтай","3_1","Количество ДТП с пострадавшими",38
"67. Республика Алтай","3_1","Количество лиц, погибших в результате ДТП",4
"67. Республика Алтай","3_1","Количество лиц, получивших ранения в результате совершения ДТП",54
"67. Республика Алтай","3_1","Число погибших на 100 пострадавших","6,896551724"
"69. Республика Тыва","3_1","Количество ДТП с пострадавшими",38
"69. Республика Тыва","3_1","Количество лиц, погибших в результате ДТП",5
"69. Республика Тыва","3_1","Количество лиц, получивших ранения в результате совершения ДТП",59
"69. Республика Тыва","3_1","Число погибших на 100 пострадавших","7,8125"
"70. Республика Хакасия","3_1","Количество ДТП с пострадавшими",46
"70. Республика Хакасия","3_1","Количество лиц, погибших в результате ДТП",4
"70. Республика Хакасия","3_1","Количество лиц, получивших ранения в результате совершения ДТП",63
"70. Республика Хакасия","3_1","Число погибших на 100 пострадавших","5,970149254"
"71. Алтайский край","3_1","Количество ДТП с пострадавшими",301
"71. Алтайский край","3_1","Количество лиц, погибших в результате ДТП",35
"71. Алтайский край","3_1","Количество лиц, получивших ранения в результате совершения ДТП",427
"71. Алтайский край","3_1","Число погибших на 100 пострадавших","7,575757576"
"72. Красноярский край","3_1","Количество ДТП с пострадавшими",354
"72. Красноярский край","3_1","Количество лиц, погибших в результате ДТП",27
"72. Красноярский край","3_1","Количество лиц, получивших ранения в результате совершения ДТП",454
"72. Красноярский край","3_1","Число погибших на 100 пострадавших","5,613305613"
"73. Иркутская область","3_1","Количество ДТП с пострадавшими",267
"73. Иркутская область","3_1","Количество лиц, погибших в результате ДТП",35
"73. Иркутская область","3_1","Количество лиц, получивших ранения в результате совершения ДТП",328
"73. Иркутская область","3_1","Число погибших на 100 пострадавших","9,641873278"
"74. Кемеровская область - Кузбасс","3_1","Количество ДТП с пострадавшими",310
"74. Кемеровская область - Кузбасс","3_1","Количество лиц, погибших в результате ДТП",16
"74. Кемеровская область - Кузбасс","3_1","Количество лиц, получивших ранения в результате совершения ДТП",410
"74. Кемеровская область - Кузбасс","3_1","Число погибших на 100 пострадавших","3,755868545"
"75. Новосибирская область","3_1","Количество ДТП с пострадавшими",299
"75. Новосибирская область","3_1","Количество лиц, погибших в результате ДТП",35
"75. Новосибирская область","3_1","Количество лиц, получивших ранения в результате совершения ДТП",386
"75. Новосибирская область","3_1","Число погибших на 100 пострадавших","8,313539192"
"76. Омская область","3_1","Количество ДТП с пострадавшими",370
"76. Омская область","3_1","Количество лиц, погибших в результате ДТП",17
"76. Омская область","3_1","Количество лиц, получивших ранения в результате совершения ДТП",476
"76. Омская область","3_1","Число погибших на 100 пострадавших","3,448275862"
"77. Томская область","3_1","Количество ДТП с пострадавшими",58
"77. Томская область","3_1","Количество лиц, погибших в результате ДТП",10
"77. Томская область","3_1","Количество лиц, получивших ранения в результате совершения ДТП",65
"77. Томская область","3_1","Число погибших на 100 пострадавших","13,33333333"
"Дальневосточный фед.округ","3_1","Количество ДТП с пострадавшими",1041
"Дальневосточный фед.округ","3_1","Количество лиц, погибших в результате ДТП",135
"Дальневосточный фед.округ","3_1","Количество лиц, получивших ранения в результате совершения ДТП",1347
"Дальневосточный фед.округ","3_1","Число погибших на 100 пострадавших","9,109311741"
"68. Республика Бурятия","3_1","Количество ДТП с пострадавшими",99
"68. Республика Бурятия","3_1","Количество лиц, погибших в результате ДТП",9
"68. Республика Бурятия","3_1","Количество лиц, получивших ранения в результате совершения ДТП",140
"68. Республика Бурятия","3_1","Число погибших на 100 пострадавших","6,040268456"
"79. Республика Саха (Якутия)","3_1","Количество ДТП с пострадавшими",100
"79. Республика Саха (Якутия)","3_1","Количество лиц, погибших в результате ДТП",13
"79. Республика Саха (Якутия)","3_1","Количество лиц, получивших ранения в результате совершения ДТП",128
"79. Республика Саха (Якутия)","3_1","Число погибших на 100 пострадавших","9,219858156"
"78. Забайкальский край","3_1","Количество ДТП с пострадавшими",85
"78. Забайкальский край","3_1","Количество лиц, погибших в результате ДТП",23
"78. Забайкальский край","3_1","Количество лиц, получивших ранения в результате совершения ДТП",91
"78. Забайкальский край","3_1","Число погибших на 100 пострадавших","20,1754386"
"80. Приморский край","3_1","Количество ДТП с пострадавшими",334
"80. Приморский край","3_1","Количество лиц, погибших в результате ДТП",45
"80. Приморский край","3_1","Количество лиц, получивших ранения в результате совершения ДТП",423
"80. Приморский край","3_1","Число погибших на 100 пострадавших","9,615384615"
"81. Хабаровский край","3_1","Количество ДТП с пострадавшими",151
"81. Хабаровский край","3_1","Количество лиц, погибших в результате ДТП",16
"81. Хабаровский край","3_1","Количество лиц, получивших ранения в результате совершения ДТП",190
"81. Хабаровский край","3_1","Число погибших на 100 пострадавших","7,766990291"
"82. Камчатский край","3_1","Количество ДТП с пострадавшими",59
"82. Камчатский край","3_1","Количество лиц, погибших в результате ДТП",2
"82. Камчатский край","3_1","Количество лиц, получивших ранения в результате совершения ДТП",80
"82. Камчатский край","3_1","Число погибших на 100 пострадавших","2,43902439"
"83. Амурская область","3_1","Количество ДТП с пострадавшими",139
"83. Амурская область","3_1","Количество лиц, погибших в результате ДТП",10
"83. Амурская область","3_1","Количество лиц, получивших ранения в результате совершения ДТП",197
"83. Амурская область","3_1","Число погибших на 100 пострадавших","4,830917874"
"84. Магаданская область","3_1","Количество ДТП с пострадавшими",17
"84. Магаданская область","3_1","Количество лиц, погибших в результате ДТП",0
"84. Магаданская область","3_1","Количество лиц, получивших ранения в результате совершения ДТП",27
"84. Магаданская область","3_1","Число погибших на 100 пострадавших",0
"85. Сахалинская область","3_1","Количество ДТП с пострадавшими",37
"85. Сахалинская область","3_1","Количество лиц, погибших в результате ДТП",12
"85. Сахалинская область","3_1","Количество лиц, получивших ранения в результате совершения ДТП",48
"85. Сахалинская область","3_1","Число погибших на 100 пострадавших",20
"86. Еврейская АО","3_1","Количество ДТП с пострадавшими",17
"86. Еврейская АО","3_1","Количество лиц, погибших в результате ДТП",5
"86. Еврейская АО","3_1","Количество лиц, получивших ранения в результате совершения ДТП",20
"86. Еврейская АО","3_1","Число погибших на 100 пострадавших",20
"87. Чукотский АО","3_1","Количество ДТП с пострадавшими",3
"87. Чукотский АО","3_1","Количество лиц, погибших в результате ДТП",0
"87. Чукотский АО","3_1","Количество лиц, получивших ранения в результате совершения ДТП",3
"87. Чукотский АО","3_1","Число погибших на 100 пострадавших",0
"90. ФТ ""Сириус""","3_1","Количество ДТП с пострадавшими",1
"90. ФТ ""Сириус""","3_1","Количество лиц, погибших в результате ДТП",0
"90. ФТ ""Сириус""","3_1","Количество лиц, получивших ранения в результате совершения ДТП",1
"90. ФТ ""Сириус""","3_1","Число погибших на 100 пострадавших",0
"Всего по России ","3_1","Количество ДТП с пострадавшими",15695
"Всего по России ","3_1","Количество лиц, погибших в результате ДТП",1783
"Всего по России ","3_1","Количество лиц, получивших ранения в результате совершения ДТП",20278
"Всего по России ","3_1","Число погибших на 100 пострадавших","8,082135896"
